inactive_id,not_english_id,personal_id,brand_id,travel_id,beauty_id,gastro_id,politics_id,style_id,family_id,sports_id,other_id,user_id
1YjSjnArcKlmtIyNbVUimjRhnXeGwXHpL,1qgZvxRAbVk0iBCJBB73I4CrwxbKbA_zd,1iH5Tv1OmovyhiwuvRWiOVioIWlGBhQlS,1u3n3mMmYcFCTMD5Yuhax2Xr1bYcGQU5r,11gtzS6xvMctmzjDfkAy6jKH6ERjnt1hx,16jQKjFZoCrU0GjAv-L3lnn3zDVV76etg,1eD8jx_qa7IF4_4bcmTkNgdrveLajXq89,1rJQsnbwTtoXFTRq37ATFSTGaJaPn2uX1,13lIg99ukplqrelqPpYNnqvtLj38ymZgp,1fKsoDk_FvW0kAoExhq_d7FelMt7xGXvU,1Ea005AV1cIe8fceJEyTCcYxNar59TUuJ,1gS6sArS_N21Cv52gwCdutF8dIq0Ky0gy,905460151196553216
1YjSjnArcKlmtIyNbVUimjRhnXeGwXHpL,1qgZvxRAbVk0iBCJBB73I4CrwxbKbA_zd,1iH5Tv1OmovyhiwuvRWiOVioIWlGBhQlS,1u3n3mMmYcFCTMD5Yuhax2Xr1bYcGQU5r,11gtzS6xvMctmzjDfkAy6jKH6ERjnt1hx,16jQKjFZoCrU0GjAv-L3lnn3zDVV76etg,1eD8jx_qa7IF4_4bcmTkNgdrveLajXq89,1rJQsnbwTtoXFTRq37ATFSTGaJaPn2uX1,13lIg99ukplqrelqPpYNnqvtLj38ymZgp,1fKsoDk_FvW0kAoExhq_d7FelMt7xGXvU,1Ea005AV1cIe8fceJEyTCcYxNar59TUuJ,1gS6sArS_N21Cv52gwCdutF8dIq0Ky0gy,894472096377704449
1YjSjnArcKlmtIyNbVUimjRhnXeGwXHpL,1qgZvxRAbVk0iBCJBB73I4CrwxbKbA_zd,1iH5Tv1OmovyhiwuvRWiOVioIWlGBhQlS,1u3n3mMmYcFCTMD5Yuhax2Xr1bYcGQU5r,11gtzS6xvMctmzjDfkAy6jKH6ERjnt1hx,16jQKjFZoCrU0GjAv-L3lnn3zDVV76etg,1eD8jx_qa7IF4_4bcmTkNgdrveLajXq89,1rJQsnbwTtoXFTRq37ATFSTGaJaPn2uX1,13lIg99ukplqrelqPpYNnqvtLj38ymZgp,1fKsoDk_FvW0kAoExhq_d7FelMt7xGXvU,1Ea005AV1cIe8fceJEyTCcYxNar59TUuJ,1gS6sArS_N21Cv52gwCdutF8dIq0Ky0gy,975484468235522048
1YjSjnArcKlmtIyNbVUimjRhnXeGwXHpL,1qgZvxRAbVk0iBCJBB73I4CrwxbKbA_zd,1iH5Tv1OmovyhiwuvRWiOVioIWlGBhQlS,1u3n3mMmYcFCTMD5Yuhax2Xr1bYcGQU5r,11gtzS6xvMctmzjDfkAy6jKH6ERjnt1hx,16jQKjFZoCrU0GjAv-L3lnn3zDVV76etg,1eD8jx_qa7IF4_4bcmTkNgdrveLajXq89,1rJQsnbwTtoXFTRq37ATFSTGaJaPn2uX1,13lIg99ukplqrelqPpYNnqvtLj38ymZgp,1fKsoDk_FvW0kAoExhq_d7FelMt7xGXvU,1Ea005AV1cIe8fceJEyTCcYxNar59TUuJ,1gS6sArS_N21Cv52gwCdutF8dIq0Ky0gy,828015833767092224
1YjSjnArcKlmtIyNbVUimjRhnXeGwXHpL,1qgZvxRAbVk0iBCJBB73I4CrwxbKbA_zd,1iH5Tv1OmovyhiwuvRWiOVioIWlGBhQlS,1u3n3mMmYcFCTMD5Yuhax2Xr1bYcGQU5r,11gtzS6xvMctmzjDfkAy6jKH6ERjnt1hx,16jQKjFZoCrU0GjAv-L3lnn3zDVV76etg,1eD8jx_qa7IF4_4bcmTkNgdrveLajXq89,1rJQsnbwTtoXFTRq37ATFSTGaJaPn2uX1,13lIg99ukplqrelqPpYNnqvtLj38ymZgp,1fKsoDk_FvW0kAoExhq_d7FelMt7xGXvU,1Ea005AV1cIe8fceJEyTCcYxNar59TUuJ,1gS6sArS_N21Cv52gwCdutF8dIq0Ky0gy,838490208433758208
1YjSjnArcKlmtIyNbVUimjRhnXeGwXHpL,1qgZvxRAbVk0iBCJBB73I4CrwxbKbA_zd,1iH5Tv1OmovyhiwuvRWiOVioIWlGBhQlS,1u3n3mMmYcFCTMD5Yuhax2Xr1bYcGQU5r,11gtzS6xvMctmzjDfkAy6jKH6ERjnt1hx,16jQKjFZoCrU0GjAv-L3lnn3zDVV76etg,1eD8jx_qa7IF4_4bcmTkNgdrveLajXq89,1rJQsnbwTtoXFTRq37ATFSTGaJaPn2uX1,13lIg99ukplqrelqPpYNnqvtLj38ymZgp,1fKsoDk_FvW0kAoExhq_d7FelMt7xGXvU,1Ea005AV1cIe8fceJEyTCcYxNar59TUuJ,1gS6sArS_N21Cv52gwCdutF8dIq0Ky0gy,921414529208209410
1YjSjnArcKlmtIyNbVUimjRhnXeGwXHpL,1qgZvxRAbVk0iBCJBB73I4CrwxbKbA_zd,1iH5Tv1OmovyhiwuvRWiOVioIWlGBhQlS,1u3n3mMmYcFCTMD5Yuhax2Xr1bYcGQU5r,11gtzS6xvMctmzjDfkAy6jKH6ERjnt1hx,16jQKjFZoCrU0GjAv-L3lnn3zDVV76etg,1eD8jx_qa7IF4_4bcmTkNgdrveLajXq89,1rJQsnbwTtoXFTRq37ATFSTGaJaPn2uX1,13lIg99ukplqrelqPpYNnqvtLj38ymZgp,1fKsoDk_FvW0kAoExhq_d7FelMt7xGXvU,1Ea005AV1cIe8fceJEyTCcYxNar59TUuJ,1gS6sArS_N21Cv52gwCdutF8dIq0Ky0gy,860121370876837888
1YjSjnArcKlmtIyNbVUimjRhnXeGwXHpL,1qgZvxRAbVk0iBCJBB73I4CrwxbKbA_zd,1iH5Tv1OmovyhiwuvRWiOVioIWlGBhQlS,1u3n3mMmYcFCTMD5Yuhax2Xr1bYcGQU5r,11gtzS6xvMctmzjDfkAy6jKH6ERjnt1hx,16jQKjFZoCrU0GjAv-L3lnn3zDVV76etg,1eD8jx_qa7IF4_4bcmTkNgdrveLajXq89,1rJQsnbwTtoXFTRq37ATFSTGaJaPn2uX1,13lIg99ukplqrelqPpYNnqvtLj38ymZgp,1fKsoDk_FvW0kAoExhq_d7FelMt7xGXvU,1Ea005AV1cIe8fceJEyTCcYxNar59TUuJ,1gS6sArS_N21Cv52gwCdutF8dIq0Ky0gy,898011299459747841
1YjSjnArcKlmtIyNbVUimjRhnXeGwXHpL,1qgZvxRAbVk0iBCJBB73I4CrwxbKbA_zd,1iH5Tv1OmovyhiwuvRWiOVioIWlGBhQlS,1u3n3mMmYcFCTMD5Yuhax2Xr1bYcGQU5r,11gtzS6xvMctmzjDfkAy6jKH6ERjnt1hx,16jQKjFZoCrU0GjAv-L3lnn3zDVV76etg,1eD8jx_qa7IF4_4bcmTkNgdrveLajXq89,1rJQsnbwTtoXFTRq37ATFSTGaJaPn2uX1,13lIg99ukplqrelqPpYNnqvtLj38ymZgp,1fKsoDk_FvW0kAoExhq_d7FelMt7xGXvU,1Ea005AV1cIe8fceJEyTCcYxNar59TUuJ,1gS6sArS_N21Cv52gwCdutF8dIq0Ky0gy,936098722055942145
1YjSjnArcKlmtIyNbVUimjRhnXeGwXHpL,1qgZvxRAbVk0iBCJBB73I4CrwxbKbA_zd,1iH5Tv1OmovyhiwuvRWiOVioIWlGBhQlS,1u3n3mMmYcFCTMD5Yuhax2Xr1bYcGQU5r,11gtzS6xvMctmzjDfkAy6jKH6ERjnt1hx,16jQKjFZoCrU0GjAv-L3lnn3zDVV76etg,1eD8jx_qa7IF4_4bcmTkNgdrveLajXq89,1rJQsnbwTtoXFTRq37ATFSTGaJaPn2uX1,13lIg99ukplqrelqPpYNnqvtLj38ymZgp,1fKsoDk_FvW0kAoExhq_d7FelMt7xGXvU,1Ea005AV1cIe8fceJEyTCcYxNar59TUuJ,1gS6sArS_N21Cv52gwCdutF8dIq0Ky0gy,950211201748713472
1YjSjnArcKlmtIyNbVUimjRhnXeGwXHpL,1qgZvxRAbVk0iBCJBB73I4CrwxbKbA_zd,1iH5Tv1OmovyhiwuvRWiOVioIWlGBhQlS,1u3n3mMmYcFCTMD5Yuhax2Xr1bYcGQU5r,11gtzS6xvMctmzjDfkAy6jKH6ERjnt1hx,16jQKjFZoCrU0GjAv-L3lnn3zDVV76etg,1eD8jx_qa7IF4_4bcmTkNgdrveLajXq89,1rJQsnbwTtoXFTRq37ATFSTGaJaPn2uX1,13lIg99ukplqrelqPpYNnqvtLj38ymZgp,1fKsoDk_FvW0kAoExhq_d7FelMt7xGXvU,1Ea005AV1cIe8fceJEyTCcYxNar59TUuJ,1gS6sArS_N21Cv52gwCdutF8dIq0Ky0gy,922459413289619456
1YjSjnArcKlmtIyNbVUimjRhnXeGwXHpL,1qgZvxRAbVk0iBCJBB73I4CrwxbKbA_zd,1iH5Tv1OmovyhiwuvRWiOVioIWlGBhQlS,1u3n3mMmYcFCTMD5Yuhax2Xr1bYcGQU5r,11gtzS6xvMctmzjDfkAy6jKH6ERjnt1hx,16jQKjFZoCrU0GjAv-L3lnn3zDVV76etg,1eD8jx_qa7IF4_4bcmTkNgdrveLajXq89,1rJQsnbwTtoXFTRq37ATFSTGaJaPn2uX1,13lIg99ukplqrelqPpYNnqvtLj38ymZgp,1fKsoDk_FvW0kAoExhq_d7FelMt7xGXvU,1Ea005AV1cIe8fceJEyTCcYxNar59TUuJ,1gS6sArS_N21Cv52gwCdutF8dIq0Ky0gy,984215674456244224
1YjSjnArcKlmtIyNbVUimjRhnXeGwXHpL,1qgZvxRAbVk0iBCJBB73I4CrwxbKbA_zd,1iH5Tv1OmovyhiwuvRWiOVioIWlGBhQlS,1u3n3mMmYcFCTMD5Yuhax2Xr1bYcGQU5r,11gtzS6xvMctmzjDfkAy6jKH6ERjnt1hx,16jQKjFZoCrU0GjAv-L3lnn3zDVV76etg,1eD8jx_qa7IF4_4bcmTkNgdrveLajXq89,1rJQsnbwTtoXFTRq37ATFSTGaJaPn2uX1,13lIg99ukplqrelqPpYNnqvtLj38ymZgp,1fKsoDk_FvW0kAoExhq_d7FelMt7xGXvU,1Ea005AV1cIe8fceJEyTCcYxNar59TUuJ,1gS6sArS_N21Cv52gwCdutF8dIq0Ky0gy,1019751162927431681
1YjSjnArcKlmtIyNbVUimjRhnXeGwXHpL,1qgZvxRAbVk0iBCJBB73I4CrwxbKbA_zd,1iH5Tv1OmovyhiwuvRWiOVioIWlGBhQlS,1u3n3mMmYcFCTMD5Yuhax2Xr1bYcGQU5r,11gtzS6xvMctmzjDfkAy6jKH6ERjnt1hx,16jQKjFZoCrU0GjAv-L3lnn3zDVV76etg,1eD8jx_qa7IF4_4bcmTkNgdrveLajXq89,1rJQsnbwTtoXFTRq37ATFSTGaJaPn2uX1,13lIg99ukplqrelqPpYNnqvtLj38ymZgp,1fKsoDk_FvW0kAoExhq_d7FelMt7xGXvU,1Ea005AV1cIe8fceJEyTCcYxNar59TUuJ,1gS6sArS_N21Cv52gwCdutF8dIq0Ky0gy,936028135769944064
1YjSjnArcKlmtIyNbVUimjRhnXeGwXHpL,1qgZvxRAbVk0iBCJBB73I4CrwxbKbA_zd,1iH5Tv1OmovyhiwuvRWiOVioIWlGBhQlS,1u3n3mMmYcFCTMD5Yuhax2Xr1bYcGQU5r,11gtzS6xvMctmzjDfkAy6jKH6ERjnt1hx,16jQKjFZoCrU0GjAv-L3lnn3zDVV76etg,1eD8jx_qa7IF4_4bcmTkNgdrveLajXq89,1rJQsnbwTtoXFTRq37ATFSTGaJaPn2uX1,13lIg99ukplqrelqPpYNnqvtLj38ymZgp,1fKsoDk_FvW0kAoExhq_d7FelMt7xGXvU,1Ea005AV1cIe8fceJEyTCcYxNar59TUuJ,1gS6sArS_N21Cv52gwCdutF8dIq0Ky0gy,888546593322008577
1YjSjnArcKlmtIyNbVUimjRhnXeGwXHpL,1qgZvxRAbVk0iBCJBB73I4CrwxbKbA_zd,1iH5Tv1OmovyhiwuvRWiOVioIWlGBhQlS,1u3n3mMmYcFCTMD5Yuhax2Xr1bYcGQU5r,11gtzS6xvMctmzjDfkAy6jKH6ERjnt1hx,16jQKjFZoCrU0GjAv-L3lnn3zDVV76etg,1eD8jx_qa7IF4_4bcmTkNgdrveLajXq89,1rJQsnbwTtoXFTRq37ATFSTGaJaPn2uX1,13lIg99ukplqrelqPpYNnqvtLj38ymZgp,1fKsoDk_FvW0kAoExhq_d7FelMt7xGXvU,1Ea005AV1cIe8fceJEyTCcYxNar59TUuJ,1gS6sArS_N21Cv52gwCdutF8dIq0Ky0gy,818681558466957312
1YjSjnArcKlmtIyNbVUimjRhnXeGwXHpL,1qgZvxRAbVk0iBCJBB73I4CrwxbKbA_zd,1iH5Tv1OmovyhiwuvRWiOVioIWlGBhQlS,1u3n3mMmYcFCTMD5Yuhax2Xr1bYcGQU5r,11gtzS6xvMctmzjDfkAy6jKH6ERjnt1hx,16jQKjFZoCrU0GjAv-L3lnn3zDVV76etg,1eD8jx_qa7IF4_4bcmTkNgdrveLajXq89,1rJQsnbwTtoXFTRq37ATFSTGaJaPn2uX1,13lIg99ukplqrelqPpYNnqvtLj38ymZgp,1fKsoDk_FvW0kAoExhq_d7FelMt7xGXvU,1Ea005AV1cIe8fceJEyTCcYxNar59TUuJ,1gS6sArS_N21Cv52gwCdutF8dIq0Ky0gy,826639683388047360
1YjSjnArcKlmtIyNbVUimjRhnXeGwXHpL,1qgZvxRAbVk0iBCJBB73I4CrwxbKbA_zd,1iH5Tv1OmovyhiwuvRWiOVioIWlGBhQlS,1u3n3mMmYcFCTMD5Yuhax2Xr1bYcGQU5r,11gtzS6xvMctmzjDfkAy6jKH6ERjnt1hx,16jQKjFZoCrU0GjAv-L3lnn3zDVV76etg,1eD8jx_qa7IF4_4bcmTkNgdrveLajXq89,1rJQsnbwTtoXFTRq37ATFSTGaJaPn2uX1,13lIg99ukplqrelqPpYNnqvtLj38ymZgp,1fKsoDk_FvW0kAoExhq_d7FelMt7xGXvU,1Ea005AV1cIe8fceJEyTCcYxNar59TUuJ,1gS6sArS_N21Cv52gwCdutF8dIq0Ky0gy,935981373898321927
1YjSjnArcKlmtIyNbVUimjRhnXeGwXHpL,1qgZvxRAbVk0iBCJBB73I4CrwxbKbA_zd,1iH5Tv1OmovyhiwuvRWiOVioIWlGBhQlS,1u3n3mMmYcFCTMD5Yuhax2Xr1bYcGQU5r,11gtzS6xvMctmzjDfkAy6jKH6ERjnt1hx,16jQKjFZoCrU0GjAv-L3lnn3zDVV76etg,1eD8jx_qa7IF4_4bcmTkNgdrveLajXq89,1rJQsnbwTtoXFTRq37ATFSTGaJaPn2uX1,13lIg99ukplqrelqPpYNnqvtLj38ymZgp,1fKsoDk_FvW0kAoExhq_d7FelMt7xGXvU,1Ea005AV1cIe8fceJEyTCcYxNar59TUuJ,1gS6sArS_N21Cv52gwCdutF8dIq0Ky0gy,953893514328223744
1YjSjnArcKlmtIyNbVUimjRhnXeGwXHpL,1qgZvxRAbVk0iBCJBB73I4CrwxbKbA_zd,1iH5Tv1OmovyhiwuvRWiOVioIWlGBhQlS,1u3n3mMmYcFCTMD5Yuhax2Xr1bYcGQU5r,11gtzS6xvMctmzjDfkAy6jKH6ERjnt1hx,16jQKjFZoCrU0GjAv-L3lnn3zDVV76etg,1eD8jx_qa7IF4_4bcmTkNgdrveLajXq89,1rJQsnbwTtoXFTRq37ATFSTGaJaPn2uX1,13lIg99ukplqrelqPpYNnqvtLj38ymZgp,1fKsoDk_FvW0kAoExhq_d7FelMt7xGXvU,1Ea005AV1cIe8fceJEyTCcYxNar59TUuJ,1gS6sArS_N21Cv52gwCdutF8dIq0Ky0gy,868157498892533760
1YjSjnArcKlmtIyNbVUimjRhnXeGwXHpL,1qgZvxRAbVk0iBCJBB73I4CrwxbKbA_zd,1iH5Tv1OmovyhiwuvRWiOVioIWlGBhQlS,1u3n3mMmYcFCTMD5Yuhax2Xr1bYcGQU5r,11gtzS6xvMctmzjDfkAy6jKH6ERjnt1hx,16jQKjFZoCrU0GjAv-L3lnn3zDVV76etg,1eD8jx_qa7IF4_4bcmTkNgdrveLajXq89,1rJQsnbwTtoXFTRq37ATFSTGaJaPn2uX1,13lIg99ukplqrelqPpYNnqvtLj38ymZgp,1fKsoDk_FvW0kAoExhq_d7FelMt7xGXvU,1Ea005AV1cIe8fceJEyTCcYxNar59TUuJ,1gS6sArS_N21Cv52gwCdutF8dIq0Ky0gy,829430241617600512
1YjSjnArcKlmtIyNbVUimjRhnXeGwXHpL,1qgZvxRAbVk0iBCJBB73I4CrwxbKbA_zd,1iH5Tv1OmovyhiwuvRWiOVioIWlGBhQlS,1u3n3mMmYcFCTMD5Yuhax2Xr1bYcGQU5r,11gtzS6xvMctmzjDfkAy6jKH6ERjnt1hx,16jQKjFZoCrU0GjAv-L3lnn3zDVV76etg,1eD8jx_qa7IF4_4bcmTkNgdrveLajXq89,1rJQsnbwTtoXFTRq37ATFSTGaJaPn2uX1,13lIg99ukplqrelqPpYNnqvtLj38ymZgp,1fKsoDk_FvW0kAoExhq_d7FelMt7xGXvU,1Ea005AV1cIe8fceJEyTCcYxNar59TUuJ,1gS6sArS_N21Cv52gwCdutF8dIq0Ky0gy,993513426784747520
1YjSjnArcKlmtIyNbVUimjRhnXeGwXHpL,1qgZvxRAbVk0iBCJBB73I4CrwxbKbA_zd,1iH5Tv1OmovyhiwuvRWiOVioIWlGBhQlS,1u3n3mMmYcFCTMD5Yuhax2Xr1bYcGQU5r,11gtzS6xvMctmzjDfkAy6jKH6ERjnt1hx,16jQKjFZoCrU0GjAv-L3lnn3zDVV76etg,1eD8jx_qa7IF4_4bcmTkNgdrveLajXq89,1rJQsnbwTtoXFTRq37ATFSTGaJaPn2uX1,13lIg99ukplqrelqPpYNnqvtLj38ymZgp,1fKsoDk_FvW0kAoExhq_d7FelMt7xGXvU,1Ea005AV1cIe8fceJEyTCcYxNar59TUuJ,1gS6sArS_N21Cv52gwCdutF8dIq0Ky0gy,827646972148453376
1YjSjnArcKlmtIyNbVUimjRhnXeGwXHpL,1qgZvxRAbVk0iBCJBB73I4CrwxbKbA_zd,1iH5Tv1OmovyhiwuvRWiOVioIWlGBhQlS,1u3n3mMmYcFCTMD5Yuhax2Xr1bYcGQU5r,11gtzS6xvMctmzjDfkAy6jKH6ERjnt1hx,16jQKjFZoCrU0GjAv-L3lnn3zDVV76etg,1eD8jx_qa7IF4_4bcmTkNgdrveLajXq89,1rJQsnbwTtoXFTRq37ATFSTGaJaPn2uX1,13lIg99ukplqrelqPpYNnqvtLj38ymZgp,1fKsoDk_FvW0kAoExhq_d7FelMt7xGXvU,1Ea005AV1cIe8fceJEyTCcYxNar59TUuJ,1gS6sArS_N21Cv52gwCdutF8dIq0Ky0gy,964947534014795776
1YjSjnArcKlmtIyNbVUimjRhnXeGwXHpL,1qgZvxRAbVk0iBCJBB73I4CrwxbKbA_zd,1iH5Tv1OmovyhiwuvRWiOVioIWlGBhQlS,1u3n3mMmYcFCTMD5Yuhax2Xr1bYcGQU5r,11gtzS6xvMctmzjDfkAy6jKH6ERjnt1hx,16jQKjFZoCrU0GjAv-L3lnn3zDVV76etg,1eD8jx_qa7IF4_4bcmTkNgdrveLajXq89,1rJQsnbwTtoXFTRq37ATFSTGaJaPn2uX1,13lIg99ukplqrelqPpYNnqvtLj38ymZgp,1fKsoDk_FvW0kAoExhq_d7FelMt7xGXvU,1Ea005AV1cIe8fceJEyTCcYxNar59TUuJ,1gS6sArS_N21Cv52gwCdutF8dIq0Ky0gy,830811878037262336
1YjSjnArcKlmtIyNbVUimjRhnXeGwXHpL,1qgZvxRAbVk0iBCJBB73I4CrwxbKbA_zd,1iH5Tv1OmovyhiwuvRWiOVioIWlGBhQlS,1u3n3mMmYcFCTMD5Yuhax2Xr1bYcGQU5r,11gtzS6xvMctmzjDfkAy6jKH6ERjnt1hx,16jQKjFZoCrU0GjAv-L3lnn3zDVV76etg,1eD8jx_qa7IF4_4bcmTkNgdrveLajXq89,1rJQsnbwTtoXFTRq37ATFSTGaJaPn2uX1,13lIg99ukplqrelqPpYNnqvtLj38ymZgp,1fKsoDk_FvW0kAoExhq_d7FelMt7xGXvU,1Ea005AV1cIe8fceJEyTCcYxNar59TUuJ,1gS6sArS_N21Cv52gwCdutF8dIq0Ky0gy,867442032607887360
1YjSjnArcKlmtIyNbVUimjRhnXeGwXHpL,1qgZvxRAbVk0iBCJBB73I4CrwxbKbA_zd,1iH5Tv1OmovyhiwuvRWiOVioIWlGBhQlS,1u3n3mMmYcFCTMD5Yuhax2Xr1bYcGQU5r,11gtzS6xvMctmzjDfkAy6jKH6ERjnt1hx,16jQKjFZoCrU0GjAv-L3lnn3zDVV76etg,1eD8jx_qa7IF4_4bcmTkNgdrveLajXq89,1rJQsnbwTtoXFTRq37ATFSTGaJaPn2uX1,13lIg99ukplqrelqPpYNnqvtLj38ymZgp,1fKsoDk_FvW0kAoExhq_d7FelMt7xGXvU,1Ea005AV1cIe8fceJEyTCcYxNar59TUuJ,1gS6sArS_N21Cv52gwCdutF8dIq0Ky0gy,907824432760139781
1YjSjnArcKlmtIyNbVUimjRhnXeGwXHpL,1qgZvxRAbVk0iBCJBB73I4CrwxbKbA_zd,1iH5Tv1OmovyhiwuvRWiOVioIWlGBhQlS,1u3n3mMmYcFCTMD5Yuhax2Xr1bYcGQU5r,11gtzS6xvMctmzjDfkAy6jKH6ERjnt1hx,16jQKjFZoCrU0GjAv-L3lnn3zDVV76etg,1eD8jx_qa7IF4_4bcmTkNgdrveLajXq89,1rJQsnbwTtoXFTRq37ATFSTGaJaPn2uX1,13lIg99ukplqrelqPpYNnqvtLj38ymZgp,1fKsoDk_FvW0kAoExhq_d7FelMt7xGXvU,1Ea005AV1cIe8fceJEyTCcYxNar59TUuJ,1gS6sArS_N21Cv52gwCdutF8dIq0Ky0gy,966264041021743104
1YjSjnArcKlmtIyNbVUimjRhnXeGwXHpL,1qgZvxRAbVk0iBCJBB73I4CrwxbKbA_zd,1iH5Tv1OmovyhiwuvRWiOVioIWlGBhQlS,1u3n3mMmYcFCTMD5Yuhax2Xr1bYcGQU5r,11gtzS6xvMctmzjDfkAy6jKH6ERjnt1hx,16jQKjFZoCrU0GjAv-L3lnn3zDVV76etg,1eD8jx_qa7IF4_4bcmTkNgdrveLajXq89,1rJQsnbwTtoXFTRq37ATFSTGaJaPn2uX1,13lIg99ukplqrelqPpYNnqvtLj38ymZgp,1fKsoDk_FvW0kAoExhq_d7FelMt7xGXvU,1Ea005AV1cIe8fceJEyTCcYxNar59TUuJ,1gS6sArS_N21Cv52gwCdutF8dIq0Ky0gy,832679860669661184
1YjSjnArcKlmtIyNbVUimjRhnXeGwXHpL,1qgZvxRAbVk0iBCJBB73I4CrwxbKbA_zd,1iH5Tv1OmovyhiwuvRWiOVioIWlGBhQlS,1u3n3mMmYcFCTMD5Yuhax2Xr1bYcGQU5r,11gtzS6xvMctmzjDfkAy6jKH6ERjnt1hx,16jQKjFZoCrU0GjAv-L3lnn3zDVV76etg,1eD8jx_qa7IF4_4bcmTkNgdrveLajXq89,1rJQsnbwTtoXFTRq37ATFSTGaJaPn2uX1,13lIg99ukplqrelqPpYNnqvtLj38ymZgp,1fKsoDk_FvW0kAoExhq_d7FelMt7xGXvU,1Ea005AV1cIe8fceJEyTCcYxNar59TUuJ,1gS6sArS_N21Cv52gwCdutF8dIq0Ky0gy,857651692963192832
1YjSjnArcKlmtIyNbVUimjRhnXeGwXHpL,1qgZvxRAbVk0iBCJBB73I4CrwxbKbA_zd,1iH5Tv1OmovyhiwuvRWiOVioIWlGBhQlS,1u3n3mMmYcFCTMD5Yuhax2Xr1bYcGQU5r,11gtzS6xvMctmzjDfkAy6jKH6ERjnt1hx,16jQKjFZoCrU0GjAv-L3lnn3zDVV76etg,1eD8jx_qa7IF4_4bcmTkNgdrveLajXq89,1rJQsnbwTtoXFTRq37ATFSTGaJaPn2uX1,13lIg99ukplqrelqPpYNnqvtLj38ymZgp,1fKsoDk_FvW0kAoExhq_d7FelMt7xGXvU,1Ea005AV1cIe8fceJEyTCcYxNar59TUuJ,1gS6sArS_N21Cv52gwCdutF8dIq0Ky0gy,913160513567313921
1YjSjnArcKlmtIyNbVUimjRhnXeGwXHpL,1qgZvxRAbVk0iBCJBB73I4CrwxbKbA_zd,1iH5Tv1OmovyhiwuvRWiOVioIWlGBhQlS,1u3n3mMmYcFCTMD5Yuhax2Xr1bYcGQU5r,11gtzS6xvMctmzjDfkAy6jKH6ERjnt1hx,16jQKjFZoCrU0GjAv-L3lnn3zDVV76etg,1eD8jx_qa7IF4_4bcmTkNgdrveLajXq89,1rJQsnbwTtoXFTRq37ATFSTGaJaPn2uX1,13lIg99ukplqrelqPpYNnqvtLj38ymZgp,1fKsoDk_FvW0kAoExhq_d7FelMt7xGXvU,1Ea005AV1cIe8fceJEyTCcYxNar59TUuJ,1gS6sArS_N21Cv52gwCdutF8dIq0Ky0gy,845274559561584640
1YjSjnArcKlmtIyNbVUimjRhnXeGwXHpL,1qgZvxRAbVk0iBCJBB73I4CrwxbKbA_zd,1iH5Tv1OmovyhiwuvRWiOVioIWlGBhQlS,1u3n3mMmYcFCTMD5Yuhax2Xr1bYcGQU5r,11gtzS6xvMctmzjDfkAy6jKH6ERjnt1hx,16jQKjFZoCrU0GjAv-L3lnn3zDVV76etg,1eD8jx_qa7IF4_4bcmTkNgdrveLajXq89,1rJQsnbwTtoXFTRq37ATFSTGaJaPn2uX1,13lIg99ukplqrelqPpYNnqvtLj38ymZgp,1fKsoDk_FvW0kAoExhq_d7FelMt7xGXvU,1Ea005AV1cIe8fceJEyTCcYxNar59TUuJ,1gS6sArS_N21Cv52gwCdutF8dIq0Ky0gy,945285545244217344
1YjSjnArcKlmtIyNbVUimjRhnXeGwXHpL,1qgZvxRAbVk0iBCJBB73I4CrwxbKbA_zd,1iH5Tv1OmovyhiwuvRWiOVioIWlGBhQlS,1u3n3mMmYcFCTMD5Yuhax2Xr1bYcGQU5r,11gtzS6xvMctmzjDfkAy6jKH6ERjnt1hx,16jQKjFZoCrU0GjAv-L3lnn3zDVV76etg,1eD8jx_qa7IF4_4bcmTkNgdrveLajXq89,1rJQsnbwTtoXFTRq37ATFSTGaJaPn2uX1,13lIg99ukplqrelqPpYNnqvtLj38ymZgp,1fKsoDk_FvW0kAoExhq_d7FelMt7xGXvU,1Ea005AV1cIe8fceJEyTCcYxNar59TUuJ,1gS6sArS_N21Cv52gwCdutF8dIq0Ky0gy,820051554560376832
1YjSjnArcKlmtIyNbVUimjRhnXeGwXHpL,1qgZvxRAbVk0iBCJBB73I4CrwxbKbA_zd,1iH5Tv1OmovyhiwuvRWiOVioIWlGBhQlS,1u3n3mMmYcFCTMD5Yuhax2Xr1bYcGQU5r,11gtzS6xvMctmzjDfkAy6jKH6ERjnt1hx,16jQKjFZoCrU0GjAv-L3lnn3zDVV76etg,1eD8jx_qa7IF4_4bcmTkNgdrveLajXq89,1rJQsnbwTtoXFTRq37ATFSTGaJaPn2uX1,13lIg99ukplqrelqPpYNnqvtLj38ymZgp,1fKsoDk_FvW0kAoExhq_d7FelMt7xGXvU,1Ea005AV1cIe8fceJEyTCcYxNar59TUuJ,1gS6sArS_N21Cv52gwCdutF8dIq0Ky0gy,903867823365160961
1YjSjnArcKlmtIyNbVUimjRhnXeGwXHpL,1qgZvxRAbVk0iBCJBB73I4CrwxbKbA_zd,1iH5Tv1OmovyhiwuvRWiOVioIWlGBhQlS,1u3n3mMmYcFCTMD5Yuhax2Xr1bYcGQU5r,11gtzS6xvMctmzjDfkAy6jKH6ERjnt1hx,16jQKjFZoCrU0GjAv-L3lnn3zDVV76etg,1eD8jx_qa7IF4_4bcmTkNgdrveLajXq89,1rJQsnbwTtoXFTRq37ATFSTGaJaPn2uX1,13lIg99ukplqrelqPpYNnqvtLj38ymZgp,1fKsoDk_FvW0kAoExhq_d7FelMt7xGXvU,1Ea005AV1cIe8fceJEyTCcYxNar59TUuJ,1gS6sArS_N21Cv52gwCdutF8dIq0Ky0gy,825036384977170432
1YjSjnArcKlmtIyNbVUimjRhnXeGwXHpL,1qgZvxRAbVk0iBCJBB73I4CrwxbKbA_zd,1iH5Tv1OmovyhiwuvRWiOVioIWlGBhQlS,1u3n3mMmYcFCTMD5Yuhax2Xr1bYcGQU5r,11gtzS6xvMctmzjDfkAy6jKH6ERjnt1hx,16jQKjFZoCrU0GjAv-L3lnn3zDVV76etg,1eD8jx_qa7IF4_4bcmTkNgdrveLajXq89,1rJQsnbwTtoXFTRq37ATFSTGaJaPn2uX1,13lIg99ukplqrelqPpYNnqvtLj38ymZgp,1fKsoDk_FvW0kAoExhq_d7FelMt7xGXvU,1Ea005AV1cIe8fceJEyTCcYxNar59TUuJ,1gS6sArS_N21Cv52gwCdutF8dIq0Ky0gy,880820004840656898
1YjSjnArcKlmtIyNbVUimjRhnXeGwXHpL,1qgZvxRAbVk0iBCJBB73I4CrwxbKbA_zd,1iH5Tv1OmovyhiwuvRWiOVioIWlGBhQlS,1u3n3mMmYcFCTMD5Yuhax2Xr1bYcGQU5r,11gtzS6xvMctmzjDfkAy6jKH6ERjnt1hx,16jQKjFZoCrU0GjAv-L3lnn3zDVV76etg,1eD8jx_qa7IF4_4bcmTkNgdrveLajXq89,1rJQsnbwTtoXFTRq37ATFSTGaJaPn2uX1,13lIg99ukplqrelqPpYNnqvtLj38ymZgp,1fKsoDk_FvW0kAoExhq_d7FelMt7xGXvU,1Ea005AV1cIe8fceJEyTCcYxNar59TUuJ,1gS6sArS_N21Cv52gwCdutF8dIq0Ky0gy,948224772336267264
1YjSjnArcKlmtIyNbVUimjRhnXeGwXHpL,1qgZvxRAbVk0iBCJBB73I4CrwxbKbA_zd,1iH5Tv1OmovyhiwuvRWiOVioIWlGBhQlS,1u3n3mMmYcFCTMD5Yuhax2Xr1bYcGQU5r,11gtzS6xvMctmzjDfkAy6jKH6ERjnt1hx,16jQKjFZoCrU0GjAv-L3lnn3zDVV76etg,1eD8jx_qa7IF4_4bcmTkNgdrveLajXq89,1rJQsnbwTtoXFTRq37ATFSTGaJaPn2uX1,13lIg99ukplqrelqPpYNnqvtLj38ymZgp,1fKsoDk_FvW0kAoExhq_d7FelMt7xGXvU,1Ea005AV1cIe8fceJEyTCcYxNar59TUuJ,1gS6sArS_N21Cv52gwCdutF8dIq0Ky0gy,833057680981901312
1YjSjnArcKlmtIyNbVUimjRhnXeGwXHpL,1qgZvxRAbVk0iBCJBB73I4CrwxbKbA_zd,1iH5Tv1OmovyhiwuvRWiOVioIWlGBhQlS,1u3n3mMmYcFCTMD5Yuhax2Xr1bYcGQU5r,11gtzS6xvMctmzjDfkAy6jKH6ERjnt1hx,16jQKjFZoCrU0GjAv-L3lnn3zDVV76etg,1eD8jx_qa7IF4_4bcmTkNgdrveLajXq89,1rJQsnbwTtoXFTRq37ATFSTGaJaPn2uX1,13lIg99ukplqrelqPpYNnqvtLj38ymZgp,1fKsoDk_FvW0kAoExhq_d7FelMt7xGXvU,1Ea005AV1cIe8fceJEyTCcYxNar59TUuJ,1gS6sArS_N21Cv52gwCdutF8dIq0Ky0gy,989537369320652802
1YjSjnArcKlmtIyNbVUimjRhnXeGwXHpL,1qgZvxRAbVk0iBCJBB73I4CrwxbKbA_zd,1iH5Tv1OmovyhiwuvRWiOVioIWlGBhQlS,1u3n3mMmYcFCTMD5Yuhax2Xr1bYcGQU5r,11gtzS6xvMctmzjDfkAy6jKH6ERjnt1hx,16jQKjFZoCrU0GjAv-L3lnn3zDVV76etg,1eD8jx_qa7IF4_4bcmTkNgdrveLajXq89,1rJQsnbwTtoXFTRq37ATFSTGaJaPn2uX1,13lIg99ukplqrelqPpYNnqvtLj38ymZgp,1fKsoDk_FvW0kAoExhq_d7FelMt7xGXvU,1Ea005AV1cIe8fceJEyTCcYxNar59TUuJ,1gS6sArS_N21Cv52gwCdutF8dIq0Ky0gy,972824953887313920
1YjSjnArcKlmtIyNbVUimjRhnXeGwXHpL,1qgZvxRAbVk0iBCJBB73I4CrwxbKbA_zd,1iH5Tv1OmovyhiwuvRWiOVioIWlGBhQlS,1u3n3mMmYcFCTMD5Yuhax2Xr1bYcGQU5r,11gtzS6xvMctmzjDfkAy6jKH6ERjnt1hx,16jQKjFZoCrU0GjAv-L3lnn3zDVV76etg,1eD8jx_qa7IF4_4bcmTkNgdrveLajXq89,1rJQsnbwTtoXFTRq37ATFSTGaJaPn2uX1,13lIg99ukplqrelqPpYNnqvtLj38ymZgp,1fKsoDk_FvW0kAoExhq_d7FelMt7xGXvU,1Ea005AV1cIe8fceJEyTCcYxNar59TUuJ,1gS6sArS_N21Cv52gwCdutF8dIq0Ky0gy,899018636098244608
1YjSjnArcKlmtIyNbVUimjRhnXeGwXHpL,1qgZvxRAbVk0iBCJBB73I4CrwxbKbA_zd,1iH5Tv1OmovyhiwuvRWiOVioIWlGBhQlS,1u3n3mMmYcFCTMD5Yuhax2Xr1bYcGQU5r,11gtzS6xvMctmzjDfkAy6jKH6ERjnt1hx,16jQKjFZoCrU0GjAv-L3lnn3zDVV76etg,1eD8jx_qa7IF4_4bcmTkNgdrveLajXq89,1rJQsnbwTtoXFTRq37ATFSTGaJaPn2uX1,13lIg99ukplqrelqPpYNnqvtLj38ymZgp,1fKsoDk_FvW0kAoExhq_d7FelMt7xGXvU,1Ea005AV1cIe8fceJEyTCcYxNar59TUuJ,1gS6sArS_N21Cv52gwCdutF8dIq0Ky0gy,825888443620286465
1YjSjnArcKlmtIyNbVUimjRhnXeGwXHpL,1qgZvxRAbVk0iBCJBB73I4CrwxbKbA_zd,1iH5Tv1OmovyhiwuvRWiOVioIWlGBhQlS,1u3n3mMmYcFCTMD5Yuhax2Xr1bYcGQU5r,11gtzS6xvMctmzjDfkAy6jKH6ERjnt1hx,16jQKjFZoCrU0GjAv-L3lnn3zDVV76etg,1eD8jx_qa7IF4_4bcmTkNgdrveLajXq89,1rJQsnbwTtoXFTRq37ATFSTGaJaPn2uX1,13lIg99ukplqrelqPpYNnqvtLj38ymZgp,1fKsoDk_FvW0kAoExhq_d7FelMt7xGXvU,1Ea005AV1cIe8fceJEyTCcYxNar59TUuJ,1gS6sArS_N21Cv52gwCdutF8dIq0Ky0gy,933421295752138754
1YjSjnArcKlmtIyNbVUimjRhnXeGwXHpL,1qgZvxRAbVk0iBCJBB73I4CrwxbKbA_zd,1iH5Tv1OmovyhiwuvRWiOVioIWlGBhQlS,1u3n3mMmYcFCTMD5Yuhax2Xr1bYcGQU5r,11gtzS6xvMctmzjDfkAy6jKH6ERjnt1hx,16jQKjFZoCrU0GjAv-L3lnn3zDVV76etg,1eD8jx_qa7IF4_4bcmTkNgdrveLajXq89,1rJQsnbwTtoXFTRq37ATFSTGaJaPn2uX1,13lIg99ukplqrelqPpYNnqvtLj38ymZgp,1fKsoDk_FvW0kAoExhq_d7FelMt7xGXvU,1Ea005AV1cIe8fceJEyTCcYxNar59TUuJ,1gS6sArS_N21Cv52gwCdutF8dIq0Ky0gy,840869368443613185
1YjSjnArcKlmtIyNbVUimjRhnXeGwXHpL,1qgZvxRAbVk0iBCJBB73I4CrwxbKbA_zd,1iH5Tv1OmovyhiwuvRWiOVioIWlGBhQlS,1u3n3mMmYcFCTMD5Yuhax2Xr1bYcGQU5r,11gtzS6xvMctmzjDfkAy6jKH6ERjnt1hx,16jQKjFZoCrU0GjAv-L3lnn3zDVV76etg,1eD8jx_qa7IF4_4bcmTkNgdrveLajXq89,1rJQsnbwTtoXFTRq37ATFSTGaJaPn2uX1,13lIg99ukplqrelqPpYNnqvtLj38ymZgp,1fKsoDk_FvW0kAoExhq_d7FelMt7xGXvU,1Ea005AV1cIe8fceJEyTCcYxNar59TUuJ,1gS6sArS_N21Cv52gwCdutF8dIq0Ky0gy,912797054035886082
1YjSjnArcKlmtIyNbVUimjRhnXeGwXHpL,1qgZvxRAbVk0iBCJBB73I4CrwxbKbA_zd,1iH5Tv1OmovyhiwuvRWiOVioIWlGBhQlS,1u3n3mMmYcFCTMD5Yuhax2Xr1bYcGQU5r,11gtzS6xvMctmzjDfkAy6jKH6ERjnt1hx,16jQKjFZoCrU0GjAv-L3lnn3zDVV76etg,1eD8jx_qa7IF4_4bcmTkNgdrveLajXq89,1rJQsnbwTtoXFTRq37ATFSTGaJaPn2uX1,13lIg99ukplqrelqPpYNnqvtLj38ymZgp,1fKsoDk_FvW0kAoExhq_d7FelMt7xGXvU,1Ea005AV1cIe8fceJEyTCcYxNar59TUuJ,1gS6sArS_N21Cv52gwCdutF8dIq0Ky0gy,889137024489447425
1YjSjnArcKlmtIyNbVUimjRhnXeGwXHpL,1qgZvxRAbVk0iBCJBB73I4CrwxbKbA_zd,1iH5Tv1OmovyhiwuvRWiOVioIWlGBhQlS,1u3n3mMmYcFCTMD5Yuhax2Xr1bYcGQU5r,11gtzS6xvMctmzjDfkAy6jKH6ERjnt1hx,16jQKjFZoCrU0GjAv-L3lnn3zDVV76etg,1eD8jx_qa7IF4_4bcmTkNgdrveLajXq89,1rJQsnbwTtoXFTRq37ATFSTGaJaPn2uX1,13lIg99ukplqrelqPpYNnqvtLj38ymZgp,1fKsoDk_FvW0kAoExhq_d7FelMt7xGXvU,1Ea005AV1cIe8fceJEyTCcYxNar59TUuJ,1gS6sArS_N21Cv52gwCdutF8dIq0Ky0gy,852605774425714689
1YjSjnArcKlmtIyNbVUimjRhnXeGwXHpL,1qgZvxRAbVk0iBCJBB73I4CrwxbKbA_zd,1iH5Tv1OmovyhiwuvRWiOVioIWlGBhQlS,1u3n3mMmYcFCTMD5Yuhax2Xr1bYcGQU5r,11gtzS6xvMctmzjDfkAy6jKH6ERjnt1hx,16jQKjFZoCrU0GjAv-L3lnn3zDVV76etg,1eD8jx_qa7IF4_4bcmTkNgdrveLajXq89,1rJQsnbwTtoXFTRq37ATFSTGaJaPn2uX1,13lIg99ukplqrelqPpYNnqvtLj38ymZgp,1fKsoDk_FvW0kAoExhq_d7FelMt7xGXvU,1Ea005AV1cIe8fceJEyTCcYxNar59TUuJ,1gS6sArS_N21Cv52gwCdutF8dIq0Ky0gy,918023317969186817
1YjSjnArcKlmtIyNbVUimjRhnXeGwXHpL,1qgZvxRAbVk0iBCJBB73I4CrwxbKbA_zd,1iH5Tv1OmovyhiwuvRWiOVioIWlGBhQlS,1u3n3mMmYcFCTMD5Yuhax2Xr1bYcGQU5r,11gtzS6xvMctmzjDfkAy6jKH6ERjnt1hx,16jQKjFZoCrU0GjAv-L3lnn3zDVV76etg,1eD8jx_qa7IF4_4bcmTkNgdrveLajXq89,1rJQsnbwTtoXFTRq37ATFSTGaJaPn2uX1,13lIg99ukplqrelqPpYNnqvtLj38ymZgp,1fKsoDk_FvW0kAoExhq_d7FelMt7xGXvU,1Ea005AV1cIe8fceJEyTCcYxNar59TUuJ,1gS6sArS_N21Cv52gwCdutF8dIq0Ky0gy,950132928897576967
1YjSjnArcKlmtIyNbVUimjRhnXeGwXHpL,1qgZvxRAbVk0iBCJBB73I4CrwxbKbA_zd,1iH5Tv1OmovyhiwuvRWiOVioIWlGBhQlS,1u3n3mMmYcFCTMD5Yuhax2Xr1bYcGQU5r,11gtzS6xvMctmzjDfkAy6jKH6ERjnt1hx,16jQKjFZoCrU0GjAv-L3lnn3zDVV76etg,1eD8jx_qa7IF4_4bcmTkNgdrveLajXq89,1rJQsnbwTtoXFTRq37ATFSTGaJaPn2uX1,13lIg99ukplqrelqPpYNnqvtLj38ymZgp,1fKsoDk_FvW0kAoExhq_d7FelMt7xGXvU,1Ea005AV1cIe8fceJEyTCcYxNar59TUuJ,1gS6sArS_N21Cv52gwCdutF8dIq0Ky0gy,976552582582886400
1YjSjnArcKlmtIyNbVUimjRhnXeGwXHpL,1qgZvxRAbVk0iBCJBB73I4CrwxbKbA_zd,1iH5Tv1OmovyhiwuvRWiOVioIWlGBhQlS,1u3n3mMmYcFCTMD5Yuhax2Xr1bYcGQU5r,11gtzS6xvMctmzjDfkAy6jKH6ERjnt1hx,16jQKjFZoCrU0GjAv-L3lnn3zDVV76etg,1eD8jx_qa7IF4_4bcmTkNgdrveLajXq89,1rJQsnbwTtoXFTRq37ATFSTGaJaPn2uX1,13lIg99ukplqrelqPpYNnqvtLj38ymZgp,1fKsoDk_FvW0kAoExhq_d7FelMt7xGXvU,1Ea005AV1cIe8fceJEyTCcYxNar59TUuJ,1gS6sArS_N21Cv52gwCdutF8dIq0Ky0gy,883382430811512833
1YjSjnArcKlmtIyNbVUimjRhnXeGwXHpL,1qgZvxRAbVk0iBCJBB73I4CrwxbKbA_zd,1iH5Tv1OmovyhiwuvRWiOVioIWlGBhQlS,1u3n3mMmYcFCTMD5Yuhax2Xr1bYcGQU5r,11gtzS6xvMctmzjDfkAy6jKH6ERjnt1hx,16jQKjFZoCrU0GjAv-L3lnn3zDVV76etg,1eD8jx_qa7IF4_4bcmTkNgdrveLajXq89,1rJQsnbwTtoXFTRq37ATFSTGaJaPn2uX1,13lIg99ukplqrelqPpYNnqvtLj38ymZgp,1fKsoDk_FvW0kAoExhq_d7FelMt7xGXvU,1Ea005AV1cIe8fceJEyTCcYxNar59TUuJ,1gS6sArS_N21Cv52gwCdutF8dIq0Ky0gy,840438347801714689
1YjSjnArcKlmtIyNbVUimjRhnXeGwXHpL,1qgZvxRAbVk0iBCJBB73I4CrwxbKbA_zd,1iH5Tv1OmovyhiwuvRWiOVioIWlGBhQlS,1u3n3mMmYcFCTMD5Yuhax2Xr1bYcGQU5r,11gtzS6xvMctmzjDfkAy6jKH6ERjnt1hx,16jQKjFZoCrU0GjAv-L3lnn3zDVV76etg,1eD8jx_qa7IF4_4bcmTkNgdrveLajXq89,1rJQsnbwTtoXFTRq37ATFSTGaJaPn2uX1,13lIg99ukplqrelqPpYNnqvtLj38ymZgp,1fKsoDk_FvW0kAoExhq_d7FelMt7xGXvU,1Ea005AV1cIe8fceJEyTCcYxNar59TUuJ,1gS6sArS_N21Cv52gwCdutF8dIq0Ky0gy,984073803465621504
1YjSjnArcKlmtIyNbVUimjRhnXeGwXHpL,1qgZvxRAbVk0iBCJBB73I4CrwxbKbA_zd,1iH5Tv1OmovyhiwuvRWiOVioIWlGBhQlS,1u3n3mMmYcFCTMD5Yuhax2Xr1bYcGQU5r,11gtzS6xvMctmzjDfkAy6jKH6ERjnt1hx,16jQKjFZoCrU0GjAv-L3lnn3zDVV76etg,1eD8jx_qa7IF4_4bcmTkNgdrveLajXq89,1rJQsnbwTtoXFTRq37ATFSTGaJaPn2uX1,13lIg99ukplqrelqPpYNnqvtLj38ymZgp,1fKsoDk_FvW0kAoExhq_d7FelMt7xGXvU,1Ea005AV1cIe8fceJEyTCcYxNar59TUuJ,1gS6sArS_N21Cv52gwCdutF8dIq0Ky0gy,948396198389362688
1YjSjnArcKlmtIyNbVUimjRhnXeGwXHpL,1qgZvxRAbVk0iBCJBB73I4CrwxbKbA_zd,1iH5Tv1OmovyhiwuvRWiOVioIWlGBhQlS,1u3n3mMmYcFCTMD5Yuhax2Xr1bYcGQU5r,11gtzS6xvMctmzjDfkAy6jKH6ERjnt1hx,16jQKjFZoCrU0GjAv-L3lnn3zDVV76etg,1eD8jx_qa7IF4_4bcmTkNgdrveLajXq89,1rJQsnbwTtoXFTRq37ATFSTGaJaPn2uX1,13lIg99ukplqrelqPpYNnqvtLj38ymZgp,1fKsoDk_FvW0kAoExhq_d7FelMt7xGXvU,1Ea005AV1cIe8fceJEyTCcYxNar59TUuJ,1gS6sArS_N21Cv52gwCdutF8dIq0Ky0gy,860226818632290304
1YjSjnArcKlmtIyNbVUimjRhnXeGwXHpL,1qgZvxRAbVk0iBCJBB73I4CrwxbKbA_zd,1iH5Tv1OmovyhiwuvRWiOVioIWlGBhQlS,1u3n3mMmYcFCTMD5Yuhax2Xr1bYcGQU5r,11gtzS6xvMctmzjDfkAy6jKH6ERjnt1hx,16jQKjFZoCrU0GjAv-L3lnn3zDVV76etg,1eD8jx_qa7IF4_4bcmTkNgdrveLajXq89,1rJQsnbwTtoXFTRq37ATFSTGaJaPn2uX1,13lIg99ukplqrelqPpYNnqvtLj38ymZgp,1fKsoDk_FvW0kAoExhq_d7FelMt7xGXvU,1Ea005AV1cIe8fceJEyTCcYxNar59TUuJ,1gS6sArS_N21Cv52gwCdutF8dIq0Ky0gy,921550073300910080
1YjSjnArcKlmtIyNbVUimjRhnXeGwXHpL,1qgZvxRAbVk0iBCJBB73I4CrwxbKbA_zd,1iH5Tv1OmovyhiwuvRWiOVioIWlGBhQlS,1u3n3mMmYcFCTMD5Yuhax2Xr1bYcGQU5r,11gtzS6xvMctmzjDfkAy6jKH6ERjnt1hx,16jQKjFZoCrU0GjAv-L3lnn3zDVV76etg,1eD8jx_qa7IF4_4bcmTkNgdrveLajXq89,1rJQsnbwTtoXFTRq37ATFSTGaJaPn2uX1,13lIg99ukplqrelqPpYNnqvtLj38ymZgp,1fKsoDk_FvW0kAoExhq_d7FelMt7xGXvU,1Ea005AV1cIe8fceJEyTCcYxNar59TUuJ,1gS6sArS_N21Cv52gwCdutF8dIq0Ky0gy,975278944508243968
1YjSjnArcKlmtIyNbVUimjRhnXeGwXHpL,1qgZvxRAbVk0iBCJBB73I4CrwxbKbA_zd,1iH5Tv1OmovyhiwuvRWiOVioIWlGBhQlS,1u3n3mMmYcFCTMD5Yuhax2Xr1bYcGQU5r,11gtzS6xvMctmzjDfkAy6jKH6ERjnt1hx,16jQKjFZoCrU0GjAv-L3lnn3zDVV76etg,1eD8jx_qa7IF4_4bcmTkNgdrveLajXq89,1rJQsnbwTtoXFTRq37ATFSTGaJaPn2uX1,13lIg99ukplqrelqPpYNnqvtLj38ymZgp,1fKsoDk_FvW0kAoExhq_d7FelMt7xGXvU,1Ea005AV1cIe8fceJEyTCcYxNar59TUuJ,1gS6sArS_N21Cv52gwCdutF8dIq0Ky0gy,910951298173988864
1YjSjnArcKlmtIyNbVUimjRhnXeGwXHpL,1qgZvxRAbVk0iBCJBB73I4CrwxbKbA_zd,1iH5Tv1OmovyhiwuvRWiOVioIWlGBhQlS,1u3n3mMmYcFCTMD5Yuhax2Xr1bYcGQU5r,11gtzS6xvMctmzjDfkAy6jKH6ERjnt1hx,16jQKjFZoCrU0GjAv-L3lnn3zDVV76etg,1eD8jx_qa7IF4_4bcmTkNgdrveLajXq89,1rJQsnbwTtoXFTRq37ATFSTGaJaPn2uX1,13lIg99ukplqrelqPpYNnqvtLj38ymZgp,1fKsoDk_FvW0kAoExhq_d7FelMt7xGXvU,1Ea005AV1cIe8fceJEyTCcYxNar59TUuJ,1gS6sArS_N21Cv52gwCdutF8dIq0Ky0gy,942515215471661057
1YjSjnArcKlmtIyNbVUimjRhnXeGwXHpL,1qgZvxRAbVk0iBCJBB73I4CrwxbKbA_zd,1iH5Tv1OmovyhiwuvRWiOVioIWlGBhQlS,1u3n3mMmYcFCTMD5Yuhax2Xr1bYcGQU5r,11gtzS6xvMctmzjDfkAy6jKH6ERjnt1hx,16jQKjFZoCrU0GjAv-L3lnn3zDVV76etg,1eD8jx_qa7IF4_4bcmTkNgdrveLajXq89,1rJQsnbwTtoXFTRq37ATFSTGaJaPn2uX1,13lIg99ukplqrelqPpYNnqvtLj38ymZgp,1fKsoDk_FvW0kAoExhq_d7FelMt7xGXvU,1Ea005AV1cIe8fceJEyTCcYxNar59TUuJ,1gS6sArS_N21Cv52gwCdutF8dIq0Ky0gy,891001498750132226
1YjSjnArcKlmtIyNbVUimjRhnXeGwXHpL,1qgZvxRAbVk0iBCJBB73I4CrwxbKbA_zd,1iH5Tv1OmovyhiwuvRWiOVioIWlGBhQlS,1u3n3mMmYcFCTMD5Yuhax2Xr1bYcGQU5r,11gtzS6xvMctmzjDfkAy6jKH6ERjnt1hx,16jQKjFZoCrU0GjAv-L3lnn3zDVV76etg,1eD8jx_qa7IF4_4bcmTkNgdrveLajXq89,1rJQsnbwTtoXFTRq37ATFSTGaJaPn2uX1,13lIg99ukplqrelqPpYNnqvtLj38ymZgp,1fKsoDk_FvW0kAoExhq_d7FelMt7xGXvU,1Ea005AV1cIe8fceJEyTCcYxNar59TUuJ,1gS6sArS_N21Cv52gwCdutF8dIq0Ky0gy,1015247812718624779
1YjSjnArcKlmtIyNbVUimjRhnXeGwXHpL,1qgZvxRAbVk0iBCJBB73I4CrwxbKbA_zd,1iH5Tv1OmovyhiwuvRWiOVioIWlGBhQlS,1u3n3mMmYcFCTMD5Yuhax2Xr1bYcGQU5r,11gtzS6xvMctmzjDfkAy6jKH6ERjnt1hx,16jQKjFZoCrU0GjAv-L3lnn3zDVV76etg,1eD8jx_qa7IF4_4bcmTkNgdrveLajXq89,1rJQsnbwTtoXFTRq37ATFSTGaJaPn2uX1,13lIg99ukplqrelqPpYNnqvtLj38ymZgp,1fKsoDk_FvW0kAoExhq_d7FelMt7xGXvU,1Ea005AV1cIe8fceJEyTCcYxNar59TUuJ,1gS6sArS_N21Cv52gwCdutF8dIq0Ky0gy,888892068512321536
1YjSjnArcKlmtIyNbVUimjRhnXeGwXHpL,1qgZvxRAbVk0iBCJBB73I4CrwxbKbA_zd,1iH5Tv1OmovyhiwuvRWiOVioIWlGBhQlS,1u3n3mMmYcFCTMD5Yuhax2Xr1bYcGQU5r,11gtzS6xvMctmzjDfkAy6jKH6ERjnt1hx,16jQKjFZoCrU0GjAv-L3lnn3zDVV76etg,1eD8jx_qa7IF4_4bcmTkNgdrveLajXq89,1rJQsnbwTtoXFTRq37ATFSTGaJaPn2uX1,13lIg99ukplqrelqPpYNnqvtLj38ymZgp,1fKsoDk_FvW0kAoExhq_d7FelMt7xGXvU,1Ea005AV1cIe8fceJEyTCcYxNar59TUuJ,1gS6sArS_N21Cv52gwCdutF8dIq0Ky0gy,938502358333640704
1YjSjnArcKlmtIyNbVUimjRhnXeGwXHpL,1qgZvxRAbVk0iBCJBB73I4CrwxbKbA_zd,1iH5Tv1OmovyhiwuvRWiOVioIWlGBhQlS,1u3n3mMmYcFCTMD5Yuhax2Xr1bYcGQU5r,11gtzS6xvMctmzjDfkAy6jKH6ERjnt1hx,16jQKjFZoCrU0GjAv-L3lnn3zDVV76etg,1eD8jx_qa7IF4_4bcmTkNgdrveLajXq89,1rJQsnbwTtoXFTRq37ATFSTGaJaPn2uX1,13lIg99ukplqrelqPpYNnqvtLj38ymZgp,1fKsoDk_FvW0kAoExhq_d7FelMt7xGXvU,1Ea005AV1cIe8fceJEyTCcYxNar59TUuJ,1gS6sArS_N21Cv52gwCdutF8dIq0Ky0gy,928350836933189632
1YjSjnArcKlmtIyNbVUimjRhnXeGwXHpL,1qgZvxRAbVk0iBCJBB73I4CrwxbKbA_zd,1iH5Tv1OmovyhiwuvRWiOVioIWlGBhQlS,1u3n3mMmYcFCTMD5Yuhax2Xr1bYcGQU5r,11gtzS6xvMctmzjDfkAy6jKH6ERjnt1hx,16jQKjFZoCrU0GjAv-L3lnn3zDVV76etg,1eD8jx_qa7IF4_4bcmTkNgdrveLajXq89,1rJQsnbwTtoXFTRq37ATFSTGaJaPn2uX1,13lIg99ukplqrelqPpYNnqvtLj38ymZgp,1fKsoDk_FvW0kAoExhq_d7FelMt7xGXvU,1Ea005AV1cIe8fceJEyTCcYxNar59TUuJ,1gS6sArS_N21Cv52gwCdutF8dIq0Ky0gy,853265288141434880
1YjSjnArcKlmtIyNbVUimjRhnXeGwXHpL,1qgZvxRAbVk0iBCJBB73I4CrwxbKbA_zd,1iH5Tv1OmovyhiwuvRWiOVioIWlGBhQlS,1u3n3mMmYcFCTMD5Yuhax2Xr1bYcGQU5r,11gtzS6xvMctmzjDfkAy6jKH6ERjnt1hx,16jQKjFZoCrU0GjAv-L3lnn3zDVV76etg,1eD8jx_qa7IF4_4bcmTkNgdrveLajXq89,1rJQsnbwTtoXFTRq37ATFSTGaJaPn2uX1,13lIg99ukplqrelqPpYNnqvtLj38ymZgp,1fKsoDk_FvW0kAoExhq_d7FelMt7xGXvU,1Ea005AV1cIe8fceJEyTCcYxNar59TUuJ,1gS6sArS_N21Cv52gwCdutF8dIq0Ky0gy,951029618877911040
1YjSjnArcKlmtIyNbVUimjRhnXeGwXHpL,1qgZvxRAbVk0iBCJBB73I4CrwxbKbA_zd,1iH5Tv1OmovyhiwuvRWiOVioIWlGBhQlS,1u3n3mMmYcFCTMD5Yuhax2Xr1bYcGQU5r,11gtzS6xvMctmzjDfkAy6jKH6ERjnt1hx,16jQKjFZoCrU0GjAv-L3lnn3zDVV76etg,1eD8jx_qa7IF4_4bcmTkNgdrveLajXq89,1rJQsnbwTtoXFTRq37ATFSTGaJaPn2uX1,13lIg99ukplqrelqPpYNnqvtLj38ymZgp,1fKsoDk_FvW0kAoExhq_d7FelMt7xGXvU,1Ea005AV1cIe8fceJEyTCcYxNar59TUuJ,1gS6sArS_N21Cv52gwCdutF8dIq0Ky0gy,991039643054428160
1YjSjnArcKlmtIyNbVUimjRhnXeGwXHpL,1qgZvxRAbVk0iBCJBB73I4CrwxbKbA_zd,1iH5Tv1OmovyhiwuvRWiOVioIWlGBhQlS,1u3n3mMmYcFCTMD5Yuhax2Xr1bYcGQU5r,11gtzS6xvMctmzjDfkAy6jKH6ERjnt1hx,16jQKjFZoCrU0GjAv-L3lnn3zDVV76etg,1eD8jx_qa7IF4_4bcmTkNgdrveLajXq89,1rJQsnbwTtoXFTRq37ATFSTGaJaPn2uX1,13lIg99ukplqrelqPpYNnqvtLj38ymZgp,1fKsoDk_FvW0kAoExhq_d7FelMt7xGXvU,1Ea005AV1cIe8fceJEyTCcYxNar59TUuJ,1gS6sArS_N21Cv52gwCdutF8dIq0Ky0gy,881574394757337088
1YjSjnArcKlmtIyNbVUimjRhnXeGwXHpL,1qgZvxRAbVk0iBCJBB73I4CrwxbKbA_zd,1iH5Tv1OmovyhiwuvRWiOVioIWlGBhQlS,1u3n3mMmYcFCTMD5Yuhax2Xr1bYcGQU5r,11gtzS6xvMctmzjDfkAy6jKH6ERjnt1hx,16jQKjFZoCrU0GjAv-L3lnn3zDVV76etg,1eD8jx_qa7IF4_4bcmTkNgdrveLajXq89,1rJQsnbwTtoXFTRq37ATFSTGaJaPn2uX1,13lIg99ukplqrelqPpYNnqvtLj38ymZgp,1fKsoDk_FvW0kAoExhq_d7FelMt7xGXvU,1Ea005AV1cIe8fceJEyTCcYxNar59TUuJ,1gS6sArS_N21Cv52gwCdutF8dIq0Ky0gy,834402947865989124
1YjSjnArcKlmtIyNbVUimjRhnXeGwXHpL,1qgZvxRAbVk0iBCJBB73I4CrwxbKbA_zd,1iH5Tv1OmovyhiwuvRWiOVioIWlGBhQlS,1u3n3mMmYcFCTMD5Yuhax2Xr1bYcGQU5r,11gtzS6xvMctmzjDfkAy6jKH6ERjnt1hx,16jQKjFZoCrU0GjAv-L3lnn3zDVV76etg,1eD8jx_qa7IF4_4bcmTkNgdrveLajXq89,1rJQsnbwTtoXFTRq37ATFSTGaJaPn2uX1,13lIg99ukplqrelqPpYNnqvtLj38ymZgp,1fKsoDk_FvW0kAoExhq_d7FelMt7xGXvU,1Ea005AV1cIe8fceJEyTCcYxNar59TUuJ,1gS6sArS_N21Cv52gwCdutF8dIq0Ky0gy,956625003964923906
1YjSjnArcKlmtIyNbVUimjRhnXeGwXHpL,1qgZvxRAbVk0iBCJBB73I4CrwxbKbA_zd,1iH5Tv1OmovyhiwuvRWiOVioIWlGBhQlS,1u3n3mMmYcFCTMD5Yuhax2Xr1bYcGQU5r,11gtzS6xvMctmzjDfkAy6jKH6ERjnt1hx,16jQKjFZoCrU0GjAv-L3lnn3zDVV76etg,1eD8jx_qa7IF4_4bcmTkNgdrveLajXq89,1rJQsnbwTtoXFTRq37ATFSTGaJaPn2uX1,13lIg99ukplqrelqPpYNnqvtLj38ymZgp,1fKsoDk_FvW0kAoExhq_d7FelMt7xGXvU,1Ea005AV1cIe8fceJEyTCcYxNar59TUuJ,1gS6sArS_N21Cv52gwCdutF8dIq0Ky0gy,824292802364403713
1YjSjnArcKlmtIyNbVUimjRhnXeGwXHpL,1qgZvxRAbVk0iBCJBB73I4CrwxbKbA_zd,1iH5Tv1OmovyhiwuvRWiOVioIWlGBhQlS,1u3n3mMmYcFCTMD5Yuhax2Xr1bYcGQU5r,11gtzS6xvMctmzjDfkAy6jKH6ERjnt1hx,16jQKjFZoCrU0GjAv-L3lnn3zDVV76etg,1eD8jx_qa7IF4_4bcmTkNgdrveLajXq89,1rJQsnbwTtoXFTRq37ATFSTGaJaPn2uX1,13lIg99ukplqrelqPpYNnqvtLj38ymZgp,1fKsoDk_FvW0kAoExhq_d7FelMt7xGXvU,1Ea005AV1cIe8fceJEyTCcYxNar59TUuJ,1gS6sArS_N21Cv52gwCdutF8dIq0Ky0gy,969751584086380544
1YjSjnArcKlmtIyNbVUimjRhnXeGwXHpL,1qgZvxRAbVk0iBCJBB73I4CrwxbKbA_zd,1iH5Tv1OmovyhiwuvRWiOVioIWlGBhQlS,1u3n3mMmYcFCTMD5Yuhax2Xr1bYcGQU5r,11gtzS6xvMctmzjDfkAy6jKH6ERjnt1hx,16jQKjFZoCrU0GjAv-L3lnn3zDVV76etg,1eD8jx_qa7IF4_4bcmTkNgdrveLajXq89,1rJQsnbwTtoXFTRq37ATFSTGaJaPn2uX1,13lIg99ukplqrelqPpYNnqvtLj38ymZgp,1fKsoDk_FvW0kAoExhq_d7FelMt7xGXvU,1Ea005AV1cIe8fceJEyTCcYxNar59TUuJ,1gS6sArS_N21Cv52gwCdutF8dIq0Ky0gy,829163214290219013
1YjSjnArcKlmtIyNbVUimjRhnXeGwXHpL,1qgZvxRAbVk0iBCJBB73I4CrwxbKbA_zd,1iH5Tv1OmovyhiwuvRWiOVioIWlGBhQlS,1u3n3mMmYcFCTMD5Yuhax2Xr1bYcGQU5r,11gtzS6xvMctmzjDfkAy6jKH6ERjnt1hx,16jQKjFZoCrU0GjAv-L3lnn3zDVV76etg,1eD8jx_qa7IF4_4bcmTkNgdrveLajXq89,1rJQsnbwTtoXFTRq37ATFSTGaJaPn2uX1,13lIg99ukplqrelqPpYNnqvtLj38ymZgp,1fKsoDk_FvW0kAoExhq_d7FelMt7xGXvU,1Ea005AV1cIe8fceJEyTCcYxNar59TUuJ,1gS6sArS_N21Cv52gwCdutF8dIq0Ky0gy,980905938558377985
1YjSjnArcKlmtIyNbVUimjRhnXeGwXHpL,1qgZvxRAbVk0iBCJBB73I4CrwxbKbA_zd,1iH5Tv1OmovyhiwuvRWiOVioIWlGBhQlS,1u3n3mMmYcFCTMD5Yuhax2Xr1bYcGQU5r,11gtzS6xvMctmzjDfkAy6jKH6ERjnt1hx,16jQKjFZoCrU0GjAv-L3lnn3zDVV76etg,1eD8jx_qa7IF4_4bcmTkNgdrveLajXq89,1rJQsnbwTtoXFTRq37ATFSTGaJaPn2uX1,13lIg99ukplqrelqPpYNnqvtLj38ymZgp,1fKsoDk_FvW0kAoExhq_d7FelMt7xGXvU,1Ea005AV1cIe8fceJEyTCcYxNar59TUuJ,1gS6sArS_N21Cv52gwCdutF8dIq0Ky0gy,901472579940122624
1YjSjnArcKlmtIyNbVUimjRhnXeGwXHpL,1qgZvxRAbVk0iBCJBB73I4CrwxbKbA_zd,1iH5Tv1OmovyhiwuvRWiOVioIWlGBhQlS,1u3n3mMmYcFCTMD5Yuhax2Xr1bYcGQU5r,11gtzS6xvMctmzjDfkAy6jKH6ERjnt1hx,16jQKjFZoCrU0GjAv-L3lnn3zDVV76etg,1eD8jx_qa7IF4_4bcmTkNgdrveLajXq89,1rJQsnbwTtoXFTRq37ATFSTGaJaPn2uX1,13lIg99ukplqrelqPpYNnqvtLj38ymZgp,1fKsoDk_FvW0kAoExhq_d7FelMt7xGXvU,1Ea005AV1cIe8fceJEyTCcYxNar59TUuJ,1gS6sArS_N21Cv52gwCdutF8dIq0Ky0gy,832548120038928385
1YjSjnArcKlmtIyNbVUimjRhnXeGwXHpL,1qgZvxRAbVk0iBCJBB73I4CrwxbKbA_zd,1iH5Tv1OmovyhiwuvRWiOVioIWlGBhQlS,1u3n3mMmYcFCTMD5Yuhax2Xr1bYcGQU5r,11gtzS6xvMctmzjDfkAy6jKH6ERjnt1hx,16jQKjFZoCrU0GjAv-L3lnn3zDVV76etg,1eD8jx_qa7IF4_4bcmTkNgdrveLajXq89,1rJQsnbwTtoXFTRq37ATFSTGaJaPn2uX1,13lIg99ukplqrelqPpYNnqvtLj38ymZgp,1fKsoDk_FvW0kAoExhq_d7FelMt7xGXvU,1Ea005AV1cIe8fceJEyTCcYxNar59TUuJ,1gS6sArS_N21Cv52gwCdutF8dIq0Ky0gy,875796374616367105
1YjSjnArcKlmtIyNbVUimjRhnXeGwXHpL,1qgZvxRAbVk0iBCJBB73I4CrwxbKbA_zd,1iH5Tv1OmovyhiwuvRWiOVioIWlGBhQlS,1u3n3mMmYcFCTMD5Yuhax2Xr1bYcGQU5r,11gtzS6xvMctmzjDfkAy6jKH6ERjnt1hx,16jQKjFZoCrU0GjAv-L3lnn3zDVV76etg,1eD8jx_qa7IF4_4bcmTkNgdrveLajXq89,1rJQsnbwTtoXFTRq37ATFSTGaJaPn2uX1,13lIg99ukplqrelqPpYNnqvtLj38ymZgp,1fKsoDk_FvW0kAoExhq_d7FelMt7xGXvU,1Ea005AV1cIe8fceJEyTCcYxNar59TUuJ,1gS6sArS_N21Cv52gwCdutF8dIq0Ky0gy,912242330236620800
1YjSjnArcKlmtIyNbVUimjRhnXeGwXHpL,1qgZvxRAbVk0iBCJBB73I4CrwxbKbA_zd,1iH5Tv1OmovyhiwuvRWiOVioIWlGBhQlS,1u3n3mMmYcFCTMD5Yuhax2Xr1bYcGQU5r,11gtzS6xvMctmzjDfkAy6jKH6ERjnt1hx,16jQKjFZoCrU0GjAv-L3lnn3zDVV76etg,1eD8jx_qa7IF4_4bcmTkNgdrveLajXq89,1rJQsnbwTtoXFTRq37ATFSTGaJaPn2uX1,13lIg99ukplqrelqPpYNnqvtLj38ymZgp,1fKsoDk_FvW0kAoExhq_d7FelMt7xGXvU,1Ea005AV1cIe8fceJEyTCcYxNar59TUuJ,1gS6sArS_N21Cv52gwCdutF8dIq0Ky0gy,948472854391279616
1YjSjnArcKlmtIyNbVUimjRhnXeGwXHpL,1qgZvxRAbVk0iBCJBB73I4CrwxbKbA_zd,1iH5Tv1OmovyhiwuvRWiOVioIWlGBhQlS,1u3n3mMmYcFCTMD5Yuhax2Xr1bYcGQU5r,11gtzS6xvMctmzjDfkAy6jKH6ERjnt1hx,16jQKjFZoCrU0GjAv-L3lnn3zDVV76etg,1eD8jx_qa7IF4_4bcmTkNgdrveLajXq89,1rJQsnbwTtoXFTRq37ATFSTGaJaPn2uX1,13lIg99ukplqrelqPpYNnqvtLj38ymZgp,1fKsoDk_FvW0kAoExhq_d7FelMt7xGXvU,1Ea005AV1cIe8fceJEyTCcYxNar59TUuJ,1gS6sArS_N21Cv52gwCdutF8dIq0Ky0gy,938090108544258048
1YjSjnArcKlmtIyNbVUimjRhnXeGwXHpL,1qgZvxRAbVk0iBCJBB73I4CrwxbKbA_zd,1iH5Tv1OmovyhiwuvRWiOVioIWlGBhQlS,1u3n3mMmYcFCTMD5Yuhax2Xr1bYcGQU5r,11gtzS6xvMctmzjDfkAy6jKH6ERjnt1hx,16jQKjFZoCrU0GjAv-L3lnn3zDVV76etg,1eD8jx_qa7IF4_4bcmTkNgdrveLajXq89,1rJQsnbwTtoXFTRq37ATFSTGaJaPn2uX1,13lIg99ukplqrelqPpYNnqvtLj38ymZgp,1fKsoDk_FvW0kAoExhq_d7FelMt7xGXvU,1Ea005AV1cIe8fceJEyTCcYxNar59TUuJ,1gS6sArS_N21Cv52gwCdutF8dIq0Ky0gy,975944664065945600
1YjSjnArcKlmtIyNbVUimjRhnXeGwXHpL,1qgZvxRAbVk0iBCJBB73I4CrwxbKbA_zd,1iH5Tv1OmovyhiwuvRWiOVioIWlGBhQlS,1u3n3mMmYcFCTMD5Yuhax2Xr1bYcGQU5r,11gtzS6xvMctmzjDfkAy6jKH6ERjnt1hx,16jQKjFZoCrU0GjAv-L3lnn3zDVV76etg,1eD8jx_qa7IF4_4bcmTkNgdrveLajXq89,1rJQsnbwTtoXFTRq37ATFSTGaJaPn2uX1,13lIg99ukplqrelqPpYNnqvtLj38ymZgp,1fKsoDk_FvW0kAoExhq_d7FelMt7xGXvU,1Ea005AV1cIe8fceJEyTCcYxNar59TUuJ,1gS6sArS_N21Cv52gwCdutF8dIq0Ky0gy,841274992956461057
1YjSjnArcKlmtIyNbVUimjRhnXeGwXHpL,1qgZvxRAbVk0iBCJBB73I4CrwxbKbA_zd,1iH5Tv1OmovyhiwuvRWiOVioIWlGBhQlS,1u3n3mMmYcFCTMD5Yuhax2Xr1bYcGQU5r,11gtzS6xvMctmzjDfkAy6jKH6ERjnt1hx,16jQKjFZoCrU0GjAv-L3lnn3zDVV76etg,1eD8jx_qa7IF4_4bcmTkNgdrveLajXq89,1rJQsnbwTtoXFTRq37ATFSTGaJaPn2uX1,13lIg99ukplqrelqPpYNnqvtLj38ymZgp,1fKsoDk_FvW0kAoExhq_d7FelMt7xGXvU,1Ea005AV1cIe8fceJEyTCcYxNar59TUuJ,1gS6sArS_N21Cv52gwCdutF8dIq0Ky0gy,824260294771937281
1YjSjnArcKlmtIyNbVUimjRhnXeGwXHpL,1qgZvxRAbVk0iBCJBB73I4CrwxbKbA_zd,1iH5Tv1OmovyhiwuvRWiOVioIWlGBhQlS,1u3n3mMmYcFCTMD5Yuhax2Xr1bYcGQU5r,11gtzS6xvMctmzjDfkAy6jKH6ERjnt1hx,16jQKjFZoCrU0GjAv-L3lnn3zDVV76etg,1eD8jx_qa7IF4_4bcmTkNgdrveLajXq89,1rJQsnbwTtoXFTRq37ATFSTGaJaPn2uX1,13lIg99ukplqrelqPpYNnqvtLj38ymZgp,1fKsoDk_FvW0kAoExhq_d7FelMt7xGXvU,1Ea005AV1cIe8fceJEyTCcYxNar59TUuJ,1gS6sArS_N21Cv52gwCdutF8dIq0Ky0gy,978341088309194753
1YjSjnArcKlmtIyNbVUimjRhnXeGwXHpL,1qgZvxRAbVk0iBCJBB73I4CrwxbKbA_zd,1iH5Tv1OmovyhiwuvRWiOVioIWlGBhQlS,1u3n3mMmYcFCTMD5Yuhax2Xr1bYcGQU5r,11gtzS6xvMctmzjDfkAy6jKH6ERjnt1hx,16jQKjFZoCrU0GjAv-L3lnn3zDVV76etg,1eD8jx_qa7IF4_4bcmTkNgdrveLajXq89,1rJQsnbwTtoXFTRq37ATFSTGaJaPn2uX1,13lIg99ukplqrelqPpYNnqvtLj38ymZgp,1fKsoDk_FvW0kAoExhq_d7FelMt7xGXvU,1Ea005AV1cIe8fceJEyTCcYxNar59TUuJ,1gS6sArS_N21Cv52gwCdutF8dIq0Ky0gy,868680664752640001
1YjSjnArcKlmtIyNbVUimjRhnXeGwXHpL,1qgZvxRAbVk0iBCJBB73I4CrwxbKbA_zd,1iH5Tv1OmovyhiwuvRWiOVioIWlGBhQlS,1u3n3mMmYcFCTMD5Yuhax2Xr1bYcGQU5r,11gtzS6xvMctmzjDfkAy6jKH6ERjnt1hx,16jQKjFZoCrU0GjAv-L3lnn3zDVV76etg,1eD8jx_qa7IF4_4bcmTkNgdrveLajXq89,1rJQsnbwTtoXFTRq37ATFSTGaJaPn2uX1,13lIg99ukplqrelqPpYNnqvtLj38ymZgp,1fKsoDk_FvW0kAoExhq_d7FelMt7xGXvU,1Ea005AV1cIe8fceJEyTCcYxNar59TUuJ,1gS6sArS_N21Cv52gwCdutF8dIq0Ky0gy,974379536585457667
1YjSjnArcKlmtIyNbVUimjRhnXeGwXHpL,1qgZvxRAbVk0iBCJBB73I4CrwxbKbA_zd,1iH5Tv1OmovyhiwuvRWiOVioIWlGBhQlS,1u3n3mMmYcFCTMD5Yuhax2Xr1bYcGQU5r,11gtzS6xvMctmzjDfkAy6jKH6ERjnt1hx,16jQKjFZoCrU0GjAv-L3lnn3zDVV76etg,1eD8jx_qa7IF4_4bcmTkNgdrveLajXq89,1rJQsnbwTtoXFTRq37ATFSTGaJaPn2uX1,13lIg99ukplqrelqPpYNnqvtLj38ymZgp,1fKsoDk_FvW0kAoExhq_d7FelMt7xGXvU,1Ea005AV1cIe8fceJEyTCcYxNar59TUuJ,1gS6sArS_N21Cv52gwCdutF8dIq0Ky0gy,841051518287663105
1YjSjnArcKlmtIyNbVUimjRhnXeGwXHpL,1qgZvxRAbVk0iBCJBB73I4CrwxbKbA_zd,1iH5Tv1OmovyhiwuvRWiOVioIWlGBhQlS,1u3n3mMmYcFCTMD5Yuhax2Xr1bYcGQU5r,11gtzS6xvMctmzjDfkAy6jKH6ERjnt1hx,16jQKjFZoCrU0GjAv-L3lnn3zDVV76etg,1eD8jx_qa7IF4_4bcmTkNgdrveLajXq89,1rJQsnbwTtoXFTRq37ATFSTGaJaPn2uX1,13lIg99ukplqrelqPpYNnqvtLj38ymZgp,1fKsoDk_FvW0kAoExhq_d7FelMt7xGXvU,1Ea005AV1cIe8fceJEyTCcYxNar59TUuJ,1gS6sArS_N21Cv52gwCdutF8dIq0Ky0gy,907963717954007040
1YjSjnArcKlmtIyNbVUimjRhnXeGwXHpL,1qgZvxRAbVk0iBCJBB73I4CrwxbKbA_zd,1iH5Tv1OmovyhiwuvRWiOVioIWlGBhQlS,1u3n3mMmYcFCTMD5Yuhax2Xr1bYcGQU5r,11gtzS6xvMctmzjDfkAy6jKH6ERjnt1hx,16jQKjFZoCrU0GjAv-L3lnn3zDVV76etg,1eD8jx_qa7IF4_4bcmTkNgdrveLajXq89,1rJQsnbwTtoXFTRq37ATFSTGaJaPn2uX1,13lIg99ukplqrelqPpYNnqvtLj38ymZgp,1fKsoDk_FvW0kAoExhq_d7FelMt7xGXvU,1Ea005AV1cIe8fceJEyTCcYxNar59TUuJ,1gS6sArS_N21Cv52gwCdutF8dIq0Ky0gy,906644705211031552
1YjSjnArcKlmtIyNbVUimjRhnXeGwXHpL,1qgZvxRAbVk0iBCJBB73I4CrwxbKbA_zd,1iH5Tv1OmovyhiwuvRWiOVioIWlGBhQlS,1u3n3mMmYcFCTMD5Yuhax2Xr1bYcGQU5r,11gtzS6xvMctmzjDfkAy6jKH6ERjnt1hx,16jQKjFZoCrU0GjAv-L3lnn3zDVV76etg,1eD8jx_qa7IF4_4bcmTkNgdrveLajXq89,1rJQsnbwTtoXFTRq37ATFSTGaJaPn2uX1,13lIg99ukplqrelqPpYNnqvtLj38ymZgp,1fKsoDk_FvW0kAoExhq_d7FelMt7xGXvU,1Ea005AV1cIe8fceJEyTCcYxNar59TUuJ,1gS6sArS_N21Cv52gwCdutF8dIq0Ky0gy,991119936603992070
1YjSjnArcKlmtIyNbVUimjRhnXeGwXHpL,1qgZvxRAbVk0iBCJBB73I4CrwxbKbA_zd,1iH5Tv1OmovyhiwuvRWiOVioIWlGBhQlS,1u3n3mMmYcFCTMD5Yuhax2Xr1bYcGQU5r,11gtzS6xvMctmzjDfkAy6jKH6ERjnt1hx,16jQKjFZoCrU0GjAv-L3lnn3zDVV76etg,1eD8jx_qa7IF4_4bcmTkNgdrveLajXq89,1rJQsnbwTtoXFTRq37ATFSTGaJaPn2uX1,13lIg99ukplqrelqPpYNnqvtLj38ymZgp,1fKsoDk_FvW0kAoExhq_d7FelMt7xGXvU,1Ea005AV1cIe8fceJEyTCcYxNar59TUuJ,1gS6sArS_N21Cv52gwCdutF8dIq0Ky0gy,865347519013822465
1YjSjnArcKlmtIyNbVUimjRhnXeGwXHpL,1qgZvxRAbVk0iBCJBB73I4CrwxbKbA_zd,1iH5Tv1OmovyhiwuvRWiOVioIWlGBhQlS,1u3n3mMmYcFCTMD5Yuhax2Xr1bYcGQU5r,11gtzS6xvMctmzjDfkAy6jKH6ERjnt1hx,16jQKjFZoCrU0GjAv-L3lnn3zDVV76etg,1eD8jx_qa7IF4_4bcmTkNgdrveLajXq89,1rJQsnbwTtoXFTRq37ATFSTGaJaPn2uX1,13lIg99ukplqrelqPpYNnqvtLj38ymZgp,1fKsoDk_FvW0kAoExhq_d7FelMt7xGXvU,1Ea005AV1cIe8fceJEyTCcYxNar59TUuJ,1gS6sArS_N21Cv52gwCdutF8dIq0Ky0gy,1018960739153907712
1YjSjnArcKlmtIyNbVUimjRhnXeGwXHpL,1qgZvxRAbVk0iBCJBB73I4CrwxbKbA_zd,1iH5Tv1OmovyhiwuvRWiOVioIWlGBhQlS,1u3n3mMmYcFCTMD5Yuhax2Xr1bYcGQU5r,11gtzS6xvMctmzjDfkAy6jKH6ERjnt1hx,16jQKjFZoCrU0GjAv-L3lnn3zDVV76etg,1eD8jx_qa7IF4_4bcmTkNgdrveLajXq89,1rJQsnbwTtoXFTRq37ATFSTGaJaPn2uX1,13lIg99ukplqrelqPpYNnqvtLj38ymZgp,1fKsoDk_FvW0kAoExhq_d7FelMt7xGXvU,1Ea005AV1cIe8fceJEyTCcYxNar59TUuJ,1gS6sArS_N21Cv52gwCdutF8dIq0Ky0gy,926649036593074177
1YjSjnArcKlmtIyNbVUimjRhnXeGwXHpL,1qgZvxRAbVk0iBCJBB73I4CrwxbKbA_zd,1iH5Tv1OmovyhiwuvRWiOVioIWlGBhQlS,1u3n3mMmYcFCTMD5Yuhax2Xr1bYcGQU5r,11gtzS6xvMctmzjDfkAy6jKH6ERjnt1hx,16jQKjFZoCrU0GjAv-L3lnn3zDVV76etg,1eD8jx_qa7IF4_4bcmTkNgdrveLajXq89,1rJQsnbwTtoXFTRq37ATFSTGaJaPn2uX1,13lIg99ukplqrelqPpYNnqvtLj38ymZgp,1fKsoDk_FvW0kAoExhq_d7FelMt7xGXvU,1Ea005AV1cIe8fceJEyTCcYxNar59TUuJ,1gS6sArS_N21Cv52gwCdutF8dIq0Ky0gy,955078229601103877
1YjSjnArcKlmtIyNbVUimjRhnXeGwXHpL,1qgZvxRAbVk0iBCJBB73I4CrwxbKbA_zd,1iH5Tv1OmovyhiwuvRWiOVioIWlGBhQlS,1u3n3mMmYcFCTMD5Yuhax2Xr1bYcGQU5r,11gtzS6xvMctmzjDfkAy6jKH6ERjnt1hx,16jQKjFZoCrU0GjAv-L3lnn3zDVV76etg,1eD8jx_qa7IF4_4bcmTkNgdrveLajXq89,1rJQsnbwTtoXFTRq37ATFSTGaJaPn2uX1,13lIg99ukplqrelqPpYNnqvtLj38ymZgp,1fKsoDk_FvW0kAoExhq_d7FelMt7xGXvU,1Ea005AV1cIe8fceJEyTCcYxNar59TUuJ,1gS6sArS_N21Cv52gwCdutF8dIq0Ky0gy,881866988632629249
1YjSjnArcKlmtIyNbVUimjRhnXeGwXHpL,1qgZvxRAbVk0iBCJBB73I4CrwxbKbA_zd,1iH5Tv1OmovyhiwuvRWiOVioIWlGBhQlS,1u3n3mMmYcFCTMD5Yuhax2Xr1bYcGQU5r,11gtzS6xvMctmzjDfkAy6jKH6ERjnt1hx,16jQKjFZoCrU0GjAv-L3lnn3zDVV76etg,1eD8jx_qa7IF4_4bcmTkNgdrveLajXq89,1rJQsnbwTtoXFTRq37ATFSTGaJaPn2uX1,13lIg99ukplqrelqPpYNnqvtLj38ymZgp,1fKsoDk_FvW0kAoExhq_d7FelMt7xGXvU,1Ea005AV1cIe8fceJEyTCcYxNar59TUuJ,1gS6sArS_N21Cv52gwCdutF8dIq0Ky0gy,922792407929942017
1YjSjnArcKlmtIyNbVUimjRhnXeGwXHpL,1qgZvxRAbVk0iBCJBB73I4CrwxbKbA_zd,1iH5Tv1OmovyhiwuvRWiOVioIWlGBhQlS,1u3n3mMmYcFCTMD5Yuhax2Xr1bYcGQU5r,11gtzS6xvMctmzjDfkAy6jKH6ERjnt1hx,16jQKjFZoCrU0GjAv-L3lnn3zDVV76etg,1eD8jx_qa7IF4_4bcmTkNgdrveLajXq89,1rJQsnbwTtoXFTRq37ATFSTGaJaPn2uX1,13lIg99ukplqrelqPpYNnqvtLj38ymZgp,1fKsoDk_FvW0kAoExhq_d7FelMt7xGXvU,1Ea005AV1cIe8fceJEyTCcYxNar59TUuJ,1gS6sArS_N21Cv52gwCdutF8dIq0Ky0gy,1002345620055654400
1YjSjnArcKlmtIyNbVUimjRhnXeGwXHpL,1qgZvxRAbVk0iBCJBB73I4CrwxbKbA_zd,1iH5Tv1OmovyhiwuvRWiOVioIWlGBhQlS,1u3n3mMmYcFCTMD5Yuhax2Xr1bYcGQU5r,11gtzS6xvMctmzjDfkAy6jKH6ERjnt1hx,16jQKjFZoCrU0GjAv-L3lnn3zDVV76etg,1eD8jx_qa7IF4_4bcmTkNgdrveLajXq89,1rJQsnbwTtoXFTRq37ATFSTGaJaPn2uX1,13lIg99ukplqrelqPpYNnqvtLj38ymZgp,1fKsoDk_FvW0kAoExhq_d7FelMt7xGXvU,1Ea005AV1cIe8fceJEyTCcYxNar59TUuJ,1gS6sArS_N21Cv52gwCdutF8dIq0Ky0gy,822523654529425408
1YjSjnArcKlmtIyNbVUimjRhnXeGwXHpL,1qgZvxRAbVk0iBCJBB73I4CrwxbKbA_zd,1iH5Tv1OmovyhiwuvRWiOVioIWlGBhQlS,1u3n3mMmYcFCTMD5Yuhax2Xr1bYcGQU5r,11gtzS6xvMctmzjDfkAy6jKH6ERjnt1hx,16jQKjFZoCrU0GjAv-L3lnn3zDVV76etg,1eD8jx_qa7IF4_4bcmTkNgdrveLajXq89,1rJQsnbwTtoXFTRq37ATFSTGaJaPn2uX1,13lIg99ukplqrelqPpYNnqvtLj38ymZgp,1fKsoDk_FvW0kAoExhq_d7FelMt7xGXvU,1Ea005AV1cIe8fceJEyTCcYxNar59TUuJ,1gS6sArS_N21Cv52gwCdutF8dIq0Ky0gy,856735150499090433
1YjSjnArcKlmtIyNbVUimjRhnXeGwXHpL,1qgZvxRAbVk0iBCJBB73I4CrwxbKbA_zd,1iH5Tv1OmovyhiwuvRWiOVioIWlGBhQlS,1u3n3mMmYcFCTMD5Yuhax2Xr1bYcGQU5r,11gtzS6xvMctmzjDfkAy6jKH6ERjnt1hx,16jQKjFZoCrU0GjAv-L3lnn3zDVV76etg,1eD8jx_qa7IF4_4bcmTkNgdrveLajXq89,1rJQsnbwTtoXFTRq37ATFSTGaJaPn2uX1,13lIg99ukplqrelqPpYNnqvtLj38ymZgp,1fKsoDk_FvW0kAoExhq_d7FelMt7xGXvU,1Ea005AV1cIe8fceJEyTCcYxNar59TUuJ,1gS6sArS_N21Cv52gwCdutF8dIq0Ky0gy,943527916251615232
1YjSjnArcKlmtIyNbVUimjRhnXeGwXHpL,1qgZvxRAbVk0iBCJBB73I4CrwxbKbA_zd,1iH5Tv1OmovyhiwuvRWiOVioIWlGBhQlS,1u3n3mMmYcFCTMD5Yuhax2Xr1bYcGQU5r,11gtzS6xvMctmzjDfkAy6jKH6ERjnt1hx,16jQKjFZoCrU0GjAv-L3lnn3zDVV76etg,1eD8jx_qa7IF4_4bcmTkNgdrveLajXq89,1rJQsnbwTtoXFTRq37ATFSTGaJaPn2uX1,13lIg99ukplqrelqPpYNnqvtLj38ymZgp,1fKsoDk_FvW0kAoExhq_d7FelMt7xGXvU,1Ea005AV1cIe8fceJEyTCcYxNar59TUuJ,1gS6sArS_N21Cv52gwCdutF8dIq0Ky0gy,966690333345091584
1YjSjnArcKlmtIyNbVUimjRhnXeGwXHpL,1qgZvxRAbVk0iBCJBB73I4CrwxbKbA_zd,1iH5Tv1OmovyhiwuvRWiOVioIWlGBhQlS,1u3n3mMmYcFCTMD5Yuhax2Xr1bYcGQU5r,11gtzS6xvMctmzjDfkAy6jKH6ERjnt1hx,16jQKjFZoCrU0GjAv-L3lnn3zDVV76etg,1eD8jx_qa7IF4_4bcmTkNgdrveLajXq89,1rJQsnbwTtoXFTRq37ATFSTGaJaPn2uX1,13lIg99ukplqrelqPpYNnqvtLj38ymZgp,1fKsoDk_FvW0kAoExhq_d7FelMt7xGXvU,1Ea005AV1cIe8fceJEyTCcYxNar59TUuJ,1gS6sArS_N21Cv52gwCdutF8dIq0Ky0gy,888067840946823169
1YjSjnArcKlmtIyNbVUimjRhnXeGwXHpL,1qgZvxRAbVk0iBCJBB73I4CrwxbKbA_zd,1iH5Tv1OmovyhiwuvRWiOVioIWlGBhQlS,1u3n3mMmYcFCTMD5Yuhax2Xr1bYcGQU5r,11gtzS6xvMctmzjDfkAy6jKH6ERjnt1hx,16jQKjFZoCrU0GjAv-L3lnn3zDVV76etg,1eD8jx_qa7IF4_4bcmTkNgdrveLajXq89,1rJQsnbwTtoXFTRq37ATFSTGaJaPn2uX1,13lIg99ukplqrelqPpYNnqvtLj38ymZgp,1fKsoDk_FvW0kAoExhq_d7FelMt7xGXvU,1Ea005AV1cIe8fceJEyTCcYxNar59TUuJ,1gS6sArS_N21Cv52gwCdutF8dIq0Ky0gy,940929296281071616
1YjSjnArcKlmtIyNbVUimjRhnXeGwXHpL,1qgZvxRAbVk0iBCJBB73I4CrwxbKbA_zd,1iH5Tv1OmovyhiwuvRWiOVioIWlGBhQlS,1u3n3mMmYcFCTMD5Yuhax2Xr1bYcGQU5r,11gtzS6xvMctmzjDfkAy6jKH6ERjnt1hx,16jQKjFZoCrU0GjAv-L3lnn3zDVV76etg,1eD8jx_qa7IF4_4bcmTkNgdrveLajXq89,1rJQsnbwTtoXFTRq37ATFSTGaJaPn2uX1,13lIg99ukplqrelqPpYNnqvtLj38ymZgp,1fKsoDk_FvW0kAoExhq_d7FelMt7xGXvU,1Ea005AV1cIe8fceJEyTCcYxNar59TUuJ,1gS6sArS_N21Cv52gwCdutF8dIq0Ky0gy,899854936623788032
1YjSjnArcKlmtIyNbVUimjRhnXeGwXHpL,1qgZvxRAbVk0iBCJBB73I4CrwxbKbA_zd,1iH5Tv1OmovyhiwuvRWiOVioIWlGBhQlS,1u3n3mMmYcFCTMD5Yuhax2Xr1bYcGQU5r,11gtzS6xvMctmzjDfkAy6jKH6ERjnt1hx,16jQKjFZoCrU0GjAv-L3lnn3zDVV76etg,1eD8jx_qa7IF4_4bcmTkNgdrveLajXq89,1rJQsnbwTtoXFTRq37ATFSTGaJaPn2uX1,13lIg99ukplqrelqPpYNnqvtLj38ymZgp,1fKsoDk_FvW0kAoExhq_d7FelMt7xGXvU,1Ea005AV1cIe8fceJEyTCcYxNar59TUuJ,1gS6sArS_N21Cv52gwCdutF8dIq0Ky0gy,974154788094009345
1YjSjnArcKlmtIyNbVUimjRhnXeGwXHpL,1qgZvxRAbVk0iBCJBB73I4CrwxbKbA_zd,1iH5Tv1OmovyhiwuvRWiOVioIWlGBhQlS,1u3n3mMmYcFCTMD5Yuhax2Xr1bYcGQU5r,11gtzS6xvMctmzjDfkAy6jKH6ERjnt1hx,16jQKjFZoCrU0GjAv-L3lnn3zDVV76etg,1eD8jx_qa7IF4_4bcmTkNgdrveLajXq89,1rJQsnbwTtoXFTRq37ATFSTGaJaPn2uX1,13lIg99ukplqrelqPpYNnqvtLj38ymZgp,1fKsoDk_FvW0kAoExhq_d7FelMt7xGXvU,1Ea005AV1cIe8fceJEyTCcYxNar59TUuJ,1gS6sArS_N21Cv52gwCdutF8dIq0Ky0gy,974862631155716096
1YjSjnArcKlmtIyNbVUimjRhnXeGwXHpL,1qgZvxRAbVk0iBCJBB73I4CrwxbKbA_zd,1iH5Tv1OmovyhiwuvRWiOVioIWlGBhQlS,1u3n3mMmYcFCTMD5Yuhax2Xr1bYcGQU5r,11gtzS6xvMctmzjDfkAy6jKH6ERjnt1hx,16jQKjFZoCrU0GjAv-L3lnn3zDVV76etg,1eD8jx_qa7IF4_4bcmTkNgdrveLajXq89,1rJQsnbwTtoXFTRq37ATFSTGaJaPn2uX1,13lIg99ukplqrelqPpYNnqvtLj38ymZgp,1fKsoDk_FvW0kAoExhq_d7FelMt7xGXvU,1Ea005AV1cIe8fceJEyTCcYxNar59TUuJ,1gS6sArS_N21Cv52gwCdutF8dIq0Ky0gy,826075153398366208
1YjSjnArcKlmtIyNbVUimjRhnXeGwXHpL,1qgZvxRAbVk0iBCJBB73I4CrwxbKbA_zd,1iH5Tv1OmovyhiwuvRWiOVioIWlGBhQlS,1u3n3mMmYcFCTMD5Yuhax2Xr1bYcGQU5r,11gtzS6xvMctmzjDfkAy6jKH6ERjnt1hx,16jQKjFZoCrU0GjAv-L3lnn3zDVV76etg,1eD8jx_qa7IF4_4bcmTkNgdrveLajXq89,1rJQsnbwTtoXFTRq37ATFSTGaJaPn2uX1,13lIg99ukplqrelqPpYNnqvtLj38ymZgp,1fKsoDk_FvW0kAoExhq_d7FelMt7xGXvU,1Ea005AV1cIe8fceJEyTCcYxNar59TUuJ,1gS6sArS_N21Cv52gwCdutF8dIq0Ky0gy,823881466765512705
1YjSjnArcKlmtIyNbVUimjRhnXeGwXHpL,1qgZvxRAbVk0iBCJBB73I4CrwxbKbA_zd,1iH5Tv1OmovyhiwuvRWiOVioIWlGBhQlS,1u3n3mMmYcFCTMD5Yuhax2Xr1bYcGQU5r,11gtzS6xvMctmzjDfkAy6jKH6ERjnt1hx,16jQKjFZoCrU0GjAv-L3lnn3zDVV76etg,1eD8jx_qa7IF4_4bcmTkNgdrveLajXq89,1rJQsnbwTtoXFTRq37ATFSTGaJaPn2uX1,13lIg99ukplqrelqPpYNnqvtLj38ymZgp,1fKsoDk_FvW0kAoExhq_d7FelMt7xGXvU,1Ea005AV1cIe8fceJEyTCcYxNar59TUuJ,1gS6sArS_N21Cv52gwCdutF8dIq0Ky0gy,961072556961759232
